gene_name	chrom	start	end	mut_av	mut_sum	leng_rec
Ahall_FJVB01000001.1:1010402-1015070	Ahall_FJVB01000001.1	1010402	1015070	0.46076545220967563	1862.413957831509	4042
Ahall_FJVB01000001.1:1014197-1017197	Ahall_FJVB01000001.1	1014197	1017197	0.4837979179398946	1148.0524592713698	2373
Ahall_FJVB01000001.1:1019002-1023336	Ahall_FJVB01000001.1	1019002	1023336	0.5201403659512159	1734.147980081354	3334
Ahall_FJVB01000001.1:1023622-1034721	Ahall_FJVB01000001.1	1023622	1034721	0.5106936202265345	5157.494870667772	10099
Ahall_FJVB01000001.1:1034992-1037997	Ahall_FJVB01000001.1	1034992	1037997	0.516298529666898	1212.7852461875434	2349
Ahall_FJVB01000001.1:9857-17151	Ahall_FJVB01000001.1	9857	17151	0.5009195682039578	3571.556521294219	7130
Ahall_FJVB01000001.1:1037154-1041547	Ahall_FJVB01000001.1	1037154	1041547	0.5018941711554352	2068.807773502704	4122
Ahall_FJVB01000001.1:1040662-1042763	Ahall_FJVB01000001.1	1040662	1042763	0.498996335063033	880.2295350511902	1764
Ahall_FJVB01000001.1:1041986-1045917	Ahall_FJVB01000001.1	1041986	1045917	0.5123633200741904	1643.6615307980028	3208
Ahall_FJVB01000001.1:1045442-1048251	Ahall_FJVB01000001.1	1045442	1048251	0.5016486039030458	907.4823244606098	1809
Ahall_FJVB01000001.1:1049262-1052809	Ahall_FJVB01000001.1	1049262	1052809	0.49617424758367856	1357.0365671413608	2735
Ahall_FJVB01000001.1:1052122-1054837	Ahall_FJVB01000001.1	1052122	1054837	0.5178582986460927	984.9664840248682	1902
Ahall_FJVB01000001.1:1054652-1059251	Ahall_FJVB01000001.1	1054652	1059251	0.5161403240994699	1878.234639397971	3639
Ahall_FJVB01000001.1:1058712-1061659	Ahall_FJVB01000001.1	1058712	1061659	0.5288343729225973	1181.4159891090824	2234
Ahall_FJVB01000001.1:1060912-1065987	Ahall_FJVB01000001.1	1060912	1065987	0.49597844631412685	2390.6161112340915	4820
Ahall_FJVB01000001.1:1064990-1068247	Ahall_FJVB01000001.1	1064990	1068247	0.5081710233648212	1580.411882664594	3110
Ahall_FJVB01000001.1:1067392-1071617	Ahall_FJVB01000001.1	1067392	1071617	0.5272939950927558	1887.7125024320655	3580
Ahall_FJVB01000001.1:1071851-1075627	Ahall_FJVB01000001.1	1071851	1075627	0.508653410344479	1410.4959068852402	2773
Ahall_FJVB01000001.1:1078019-1082572	Ahall_FJVB01000001.1	1078019	1082572	0.4767333453578834	1693.8335760565599	3553
Ahall_FJVB01000001.1:1083299-1089870	Ahall_FJVB01000001.1	1083299	1089870	0.5077838296448822	2964.9497812964673	5839
Ahall_FJVB01000001.1:1089100-1092324	Ahall_FJVB01000001.1	1089100	1092324	0.48904804047649036	1389.8745310341856	2842
Ahall_FJVB01000001.1:1091477-1097064	Ahall_FJVB01000001.1	1091477	1097064	0.4973642042438124	2453.9949837389704	4934
Ahall_FJVB01000001.1:1100379-1102631	Ahall_FJVB01000001.1	1100379	1102631	0.4971601516825163	622.4445099065105	1252
Ahall_FJVB01000001.1:1104594-1107264	Ahall_FJVB01000001.1	1104594	1107264	0.4673304522637508	780.4418552804639	1670
Ahall_FJVB01000001.1:1112618-1114914	Ahall_FJVB01000001.1	1112618	1114914	0.497900244069101	645.2787163135549	1296
Ahall_FJVB01000001.1:110906-115575	Ahall_FJVB01000001.1	110906	115575	0.5128176532696006	1881.5279698461648	3669
Ahall_FJVB01000001.1:1115921-1118494	Ahall_FJVB01000001.1	1115921	1118494	0.48673810359828673	765.639036960105	1573
Ahall_FJVB01000001.1:1121489-1124358	Ahall_FJVB01000001.1	1121489	1124358	0.4965023527576656	1161.3190031001798	2339
Ahall_FJVB01000001.1:1123389-1125454	Ahall_FJVB01000001.1	1123389	1125454	0.5087638152269618	780.4436925581595	1534
Ahall_FJVB01000001.1:1129367-1134214	Ahall_FJVB01000001.1	1129367	1134214	0.4948839488239242	2072.0790937257707	4187
Ahall_FJVB01000001.1:1134590-1138714	Ahall_FJVB01000001.1	1134590	1138714	0.4817361713272096	1714.0172975822118	3558
Ahall_FJVB01000001.1:1138430-1141234	Ahall_FJVB01000001.1	1138430	1141234	0.5484343794444079	984.4397111027121	1795
Ahall_FJVB01000001.1:1143929-1149113	Ahall_FJVB01000001.1	1143929	1149113	0.4497547919433814	1803.9664704849029	4011
Ahall_FJVB01000001.1:1148479-1150233	Ahall_FJVB01000001.1	1148479	1150233	0.4134047189960351	513.8620657120716	1243
Ahall_FJVB01000001.1:1149379-1150999	Ahall_FJVB01000001.1	1149379	1150999	0.4184072020302562	406.2733931713788	971
Ahall_FJVB01000001.1:1156889-1159347	Ahall_FJVB01000001.1	1156889	1159347	0.4858533994958116	708.3742564648933	1458
Ahall_FJVB01000001.1:1159089-1162655	Ahall_FJVB01000001.1	1159089	1162655	0.44993841978370025	1371.4123035007183	3048
Ahall_FJVB01000001.1:1161674-1167324	Ahall_FJVB01000001.1	1161674	1167324	0.5254361373079333	2479.533131956137	4719
Ahall_FJVB01000001.1:115726-121692	Ahall_FJVB01000001.1	115726	121692	0.4907416253795445	2650.9862603002994	5402
Ahall_FJVB01000001.1:1170765-1173134	Ahall_FJVB01000001.1	1170765	1173134	0.5308621600187796	1106.8476036391555	2085
Ahall_FJVB01000001.1:1171919-1177072	Ahall_FJVB01000001.1	1171919	1177072	0.5302775169413193	2581.390952470342	4868
Ahall_FJVB01000001.1:1180549-1182835	Ahall_FJVB01000001.1	1180549	1182835	0.47850797686725755	615.3612582512932	1286
Ahall_FJVB01000001.1:1182489-1184980	Ahall_FJVB01000001.1	1182489	1184980	0.5037161299218827	751.0407497135271	1491
Ahall_FJVB01000001.1:1185769-1187632	Ahall_FJVB01000001.1	1185769	1187632	0.5203320360081026	617.1137947056097	1186
Ahall_FJVB01000001.1:1186810-1189634	Ahall_FJVB01000001.1	1186810	1189634	0.5271709950981494	1131.3089554806286	2146
Ahall_FJVB01000001.1:1189567-1192524	Ahall_FJVB01000001.1	1189567	1192524	0.5224468657244287	1022.428516222707	1957
Ahall_FJVB01000001.1:1194099-1198586	Ahall_FJVB01000001.1	1194099	1198586	0.48412885713826703	1688.157324841137	3487
Ahall_FJVB01000001.1:1203369-1205501	Ahall_FJVB01000001.1	1203369	1205501	0.5271494038419032	596.7331251490344	1132
Ahall_FJVB01000001.1:120757-127831	Ahall_FJVB01000001.1	120757	127831	0.5300077542877589	3596.1026128424446	6785
Ahall_FJVB01000001.1:1217659-1220617	Ahall_FJVB01000001.1	1217659	1220617	0.5117143164617728	1001.9366316321511	1958
Ahall_FJVB01000001.1:1222946-1226134	Ahall_FJVB01000001.1	1222946	1226134	0.5345585968015469	1144.4899557521119	2141
Ahall_FJVB01000001.1:1225764-1229584	Ahall_FJVB01000001.1	1225764	1229584	0.5169944134846768	1457.9242460267885	2820
Ahall_FJVB01000001.1:1230179-1237180	Ahall_FJVB01000001.1	1230179	1237180	0.4441427479482768	2665.300630437609	6001
Ahall_FJVB01000001.1:1241028-1244200	Ahall_FJVB01000001.1	1241028	1244200	0.5268941082757409	1144.4140031749093	2172
Ahall_FJVB01000001.1:1244316-1247260	Ahall_FJVB01000001.1	1244316	1247260	0.4930013939579027	958.3947098541629	1944
Ahall_FJVB01000001.1:1248195-1251040	Ahall_FJVB01000001.1	1248195	1251040	0.5453470897240298	1006.165380540835	1845
Ahall_FJVB01000001.1:1250575-1253659	Ahall_FJVB01000001.1	1250575	1253659	0.5042087998202518	1110.7719860040147	2203
Ahall_FJVB01000001.1:1253041-1256730	Ahall_FJVB01000001.1	1253041	1256730	0.509363031182433	1463.3999885871299	2873
Ahall_FJVB01000001.1:1256165-1266400	Ahall_FJVB01000001.1	1256165	1266400	0.4930525708185083	4585.388908612127	9300
Ahall_FJVB01000001.1:1266045-1267640	Ahall_FJVB01000001.1	1266045	1267640	0.42670825067314616	253.89140915052198	595
Ahall_FJVB01000001.1:127056-129718	Ahall_FJVB01000001.1	127056	129718	0.5053263850391634	1207.2247338585614	2389
Ahall_FJVB01000001.1:1283465-1286299	Ahall_FJVB01000001.1	1283465	1286299	0.441898066523651	810.4410540043759	1834
Ahall_FJVB01000001.1:1286475-1288563	Ahall_FJVB01000001.1	1286475	1288563	0.48913534209867715	532.1792522033608	1088
Ahall_FJVB01000001.1:128767-131031	Ahall_FJVB01000001.1	128767	131031	0.4903554320450298	840.9595659572261	1715
Ahall_FJVB01000001.1:1293815-1295655	Ahall_FJVB01000001.1	1293815	1295655	0.5498215229176924	461.8500792508616	840
Ahall_FJVB01000001.1:1296865-1299099	Ahall_FJVB01000001.1	1296865	1299099	0.5318609324619062	656.3163906579923	1234
Ahall_FJVB01000001.1:1299005-1307113	Ahall_FJVB01000001.1	1299005	1307113	0.5000872069552652	3773.658063684431	7546
Ahall_FJVB01000001.1:1306176-1310100	Ahall_FJVB01000001.1	1306176	1310100	0.5166147374078389	1736.3421324277467	3361
Ahall_FJVB01000001.1:1310763-1312390	Ahall_FJVB01000001.1	1310763	1312390	0.5379049066398105	337.2663764631612	627
Ahall_FJVB01000001.1:1313325-1316540	Ahall_FJVB01000001.1	1313325	1316540	0.5142424251452553	1369.9418205869601	2664
Ahall_FJVB01000001.1:130996-133977	Ahall_FJVB01000001.1	130996	133977	0.4693585988567112	1132.5622990412442	2413
Ahall_FJVB01000001.1:1315521-1316970	Ahall_FJVB01000001.1	1315521	1316970	0.5226652443265906	650.7182291866052	1245
Ahall_FJVB01000001.1:1316194-1319610	Ahall_FJVB01000001.1	1316194	1319610	0.5101125770919638	1580.3287638309039	3098
Ahall_FJVB01000001.1:1318705-1320800	Ahall_FJVB01000001.1	1318705	1320800	0.44980531148685904	674.7079672302885	1500
Ahall_FJVB01000001.1:1320397-1323070	Ahall_FJVB01000001.1	1320397	1323070	0.4950073769183843	828.147341584457	1673
Ahall_FJVB01000001.1:1322946-1326510	Ahall_FJVB01000001.1	1322946	1326510	0.5224127732764745	1339.4663506808806	2564
Ahall_FJVB01000001.1:1327805-1333596	Ahall_FJVB01000001.1	1327805	1333596	0.47416870665233235	2271.7422735713244	4791
Ahall_FJVB01000001.1:133046-137224	Ahall_FJVB01000001.1	133046	137224	0.5040333251012658	1891.6370691050502	3753
Ahall_FJVB01000001.1:1335775-1340880	Ahall_FJVB01000001.1	1335775	1340880	0.5563461224702905	2282.1317943731315	4102
Ahall_FJVB01000001.1:1341320-1344630	Ahall_FJVB01000001.1	1341320	1344630	0.5033689171398616	1162.7821985930805	2310
Ahall_FJVB01000001.1:1344255-1346610	Ahall_FJVB01000001.1	1344255	1346610	0.4917834565534774	666.3665836299618	1355
Ahall_FJVB01000001.1:1346975-1349650	Ahall_FJVB01000001.1	1346975	1349650	0.5179816976926623	867.6193436352095	1675
Ahall_FJVB01000001.1:1350205-1353500	Ahall_FJVB01000001.1	1350205	1353500	0.47419996239733814	1088.288913701891	2295
Ahall_FJVB01000001.1:1353215-1354920	Ahall_FJVB01000001.1	1353215	1354920	0.46787544341124687	334.99881748245275	716
Ahall_FJVB01000001.1:1354410-1357930	Ahall_FJVB01000001.1	1354410	1357930	0.5084504510372105	1473.9978575568732	2899
Ahall_FJVB01000001.1:1357062-1362070	Ahall_FJVB01000001.1	1357062	1362070	0.5063338405172482	2215.716886103478	4376
Ahall_FJVB01000001.1:1363075-1381911	Ahall_FJVB01000001.1	1363075	1381911	0.500781362191009	8985.519981793273	17943
Ahall_FJVB01000001.1:136581-138441	Ahall_FJVB01000001.1	136581	138441	0.4917796078351029	493.2549466586082	1003
Ahall_FJVB01000001.1:1381305-1385105	Ahall_FJVB01000001.1	1381305	1385105	0.4882227574315886	1619.923109158011	3318
Ahall_FJVB01000001.1:1384194-1385850	Ahall_FJVB01000001.1	1384194	1385850	0.5048025395513038	538.6243097012411	1067
Ahall_FJVB01000001.1:1385515-1386946	Ahall_FJVB01000001.1	1385515	1386946	0.48611057943982494	209.51365973856454	431
Ahall_FJVB01000001.1:1388240-1390600	Ahall_FJVB01000001.1	1388240	1390600	0.4905131604498807	827.0051885184988	1686
Ahall_FJVB01000001.1:1389775-1393944	Ahall_FJVB01000001.1	1389775	1393944	0.46386637741075815	1620.749122673189	3494
Ahall_FJVB01000001.1:1394805-1396634	Ahall_FJVB01000001.1	1394805	1396634	0.387622876994598	321.33936502852174	829
Ahall_FJVB01000001.1:140051-141781	Ahall_FJVB01000001.1	140051	141781	0.45817721028404806	334.46936350735507	730
Ahall_FJVB01000001.1:1414417-1417558	Ahall_FJVB01000001.1	1414417	1417558	0.38680017361448493	828.1391717086123	2141
Ahall_FJVB01000001.1:1421887-1424011	Ahall_FJVB01000001.1	1421887	1424011	0.44774220265896786	503.2622357886799	1124
Ahall_FJVB01000001.1:1424045-1426842	Ahall_FJVB01000001.1	1424045	1426842	0.5086439639743844	914.0332032619688	1797
Ahall_FJVB01000001.1:1427677-1430667	Ahall_FJVB01000001.1	1427677	1430667	0.49550753669073666	1026.1961084865156	2071
Ahall_FJVB01000001.1:1430087-1432402	Ahall_FJVB01000001.1	1430087	1432402	0.47758662498951293	666.2333418603705	1395
Ahall_FJVB01000001.1:1431948-1434742	Ahall_FJVB01000001.1	1431948	1434742	0.5099922909736679	914.9261700067602	1794
Ahall_FJVB01000001.1:1434847-1437720	Ahall_FJVB01000001.1	1434847	1437720	0.4872736197872082	912.6634898614409	1873
Ahall_FJVB01000001.1:1437377-1439420	Ahall_FJVB01000001.1	1437377	1439420	0.5103531528506579	645.5967383560823	1265
Ahall_FJVB01000001.1:1438699-1441892	Ahall_FJVB01000001.1	1438699	1441892	0.5159535509421405	1053.5771510238508	2042
Ahall_FJVB01000001.1:1442087-1443997	Ahall_FJVB01000001.1	1442087	1443997	0.5217283272932535	474.77277783686066	910
Ahall_FJVB01000001.1:143936-145631	Ahall_FJVB01000001.1	143936	145631	0.4595183790025564	319.3652734067767	695
Ahall_FJVB01000001.1:1444107-1447141	Ahall_FJVB01000001.1	1444107	1447141	0.48104477084211344	1164.6093902087566	2421
Ahall_FJVB01000001.1:1446255-1449362	Ahall_FJVB01000001.1	1446255	1449362	0.46586498258665593	1216.3734695337587	2611
Ahall_FJVB01000001.1:1448745-1451702	Ahall_FJVB01000001.1	1448745	1451702	0.47070264405449974	976.2372837690325	2074
Ahall_FJVB01000001.1:1459839-1462092	Ahall_FJVB01000001.1	1459839	1462092	0.5141834657814066	644.2718826241024	1253
Ahall_FJVB01000001.1:145786-147571	Ahall_FJVB01000001.1	145786	147571	0.46178687728954004	362.50269867228894	785
Ahall_FJVB01000001.1:1464487-1468773	Ahall_FJVB01000001.1	1464487	1468773	0.4945412254146323	1722.4870881191644	3483
Ahall_FJVB01000001.1:1468077-1471911	Ahall_FJVB01000001.1	1468077	1471911	0.49185405790987125	1581.3107961802361	3215
Ahall_FJVB01000001.1:1471227-1473315	Ahall_FJVB01000001.1	1471227	1473315	0.5190774598917863	660.2665289823523	1272
Ahall_FJVB01000001.1:1473202-1475712	Ahall_FJVB01000001.1	1473202	1475712	0.4725724760172578	713.5844387860593	1510
Ahall_FJVB01000001.1:147137-152031	Ahall_FJVB01000001.1	147137	152031	0.4979506307575358	1939.0197561698444	3894
Ahall_FJVB01000001.1:1481132-1485442	Ahall_FJVB01000001.1	1481132	1485442	0.46389953854207894	1535.5074725742813	3310
Ahall_FJVB01000001.1:1489546-1493302	Ahall_FJVB01000001.1	1489546	1493302	0.4856023389426589	1524.791344279949	3140
Ahall_FJVB01000001.1:1492419-1496232	Ahall_FJVB01000001.1	1492419	1496232	0.4630859509337757	1612.465281151407	3482
Ahall_FJVB01000001.1:1495447-1500259	Ahall_FJVB01000001.1	1495447	1500259	0.5143954719956401	2250.994585452921	4376
Ahall_FJVB01000001.1:1499481-1501772	Ahall_FJVB01000001.1	1499481	1501772	0.5321354322711943	1373.4415506919524	2581
Ahall_FJVB01000001.1:1500227-1504770	Ahall_FJVB01000001.1	1500227	1504770	0.5252068820197401	2441.161587627752	4648
Ahall_FJVB01000001.1:1504177-1507031	Ahall_FJVB01000001.1	1504177	1507031	0.4980441789052927	1168.4116437118166	2346
Ahall_FJVB01000001.1:1506133-1510442	Ahall_FJVB01000001.1	1506133	1510442	0.4958651634008006	1838.172160726768	3707
Ahall_FJVB01000001.1:1510663-1513342	Ahall_FJVB01000001.1	1510663	1513342	0.48219565109808016	809.6064981936765	1679
Ahall_FJVB01000001.1:1517997-1524335	Ahall_FJVB01000001.1	1517997	1524335	0.469708623819452	2714.9158456764326	5780
Ahall_FJVB01000001.1:1523394-1526032	Ahall_FJVB01000001.1	1523394	1526032	0.5012286304247937	1042.054322653146	2079
Ahall_FJVB01000001.1:1526807-1529762	Ahall_FJVB01000001.1	1526807	1529762	0.516851597693264	1010.4448734903311	1955
Ahall_FJVB01000001.1:1529587-1538133	Ahall_FJVB01000001.1	1529587	1538133	0.4860980681677014	3668.096022393475	7546
Ahall_FJVB01000001.1:1537817-1543191	Ahall_FJVB01000001.1	1537817	1543191	0.5105652662830261	2302.138785670165	4509
Ahall_FJVB01000001.1:1542557-1545897	Ahall_FJVB01000001.1	1542557	1545897	0.5193777804668857	1606.954852764544	3094
Ahall_FJVB01000001.1:1544277-1545897	Ahall_FJVB01000001.1	1544277	1545897	0.5135193944698039	893.5237463774587	1740
Ahall_FJVB01000001.1:1548467-1553299	Ahall_FJVB01000001.1	1548467	1553299	0.5149917987284015	2220.6446361168673	4312
Ahall_FJVB01000001.1:1552320-1554392	Ahall_FJVB01000001.1	1552320	1554392	0.5026253340937347	837.8764319342557	1667
Ahall_FJVB01000001.1:1553777-1557094	Ahall_FJVB01000001.1	1553777	1557094	0.5116867445642133	1244.4221627801667	2432
Ahall_FJVB01000001.1:1556667-1558949	Ahall_FJVB01000001.1	1556667	1558949	0.5214181111370125	820.7121069296578	1574
Ahall_FJVB01000001.1:1558158-1563432	Ahall_FJVB01000001.1	1558158	1563432	0.515935783480742	2487.8423479441376	4822
Ahall_FJVB01000001.1:1562676-1564962	Ahall_FJVB01000001.1	1562676	1564962	0.5068325291854281	781.5357600039301	1542
Ahall_FJVB01000001.1:1564649-1568052	Ahall_FJVB01000001.1	1564649	1568052	0.48678147183898435	1169.7358768290794	2403
Ahall_FJVB01000001.1:1572793-1575037	Ahall_FJVB01000001.1	1572793	1575037	0.46763728063263754	581.7407771070011	1244
Ahall_FJVB01000001.1:1579769-1581837	Ahall_FJVB01000001.1	1579769	1581837	0.48710743072282936	520.2307360119818	1068
Ahall_FJVB01000001.1:1581788-1583907	Ahall_FJVB01000001.1	1581788	1583907	0.44508507814935994	498.0502024491338	1119
Ahall_FJVB01000001.1:1583416-1585467	Ahall_FJVB01000001.1	1583416	1585467	0.48179323936090385	506.3646945683099	1051
Ahall_FJVB01000001.1:1585342-1587846	Ahall_FJVB01000001.1	1585342	1587846	0.46005194144621925	691.9181199351137	1504
Ahall_FJVB01000001.1:1588492-1590396	Ahall_FJVB01000001.1	1588492	1590396	0.49926441334441446	576.6503974127987	1155
Ahall_FJVB01000001.1:1589646-1591767	Ahall_FJVB01000001.1	1589646	1591767	0.49592856492340986	679.9180625099949	1371
Ahall_FJVB01000001.1:1594890-1596997	Ahall_FJVB01000001.1	1594890	1596997	0.5179817613993069	573.4058098690327	1107
Ahall_FJVB01000001.1:1597467-1599007	Ahall_FJVB01000001.1	1597467	1599007	0.5296336614269904	344.79151358897076	651
Ahall_FJVB01000001.1:1598397-1601097	Ahall_FJVB01000001.1	1598397	1601097	0.4944095860069421	972.0092460896482	1966
Ahall_FJVB01000001.1:1600442-1604328	Ahall_FJVB01000001.1	1600442	1604328	0.511508203341087	1801.5318921673086	3522
Ahall_FJVB01000001.1:1603348-1605797	Ahall_FJVB01000001.1	1603348	1605797	0.4970583716834259	1101.4813516504719	2216
Ahall_FJVB01000001.1:1605011-1608377	Ahall_FJVB01000001.1	1605011	1608377	0.5179866277538403	1373.7005368031846	2652
Ahall_FJVB01000001.1:1608782-1610876	Ahall_FJVB01000001.1	1608782	1610876	0.508987055359951	693.2403694002533	1362
Ahall_FJVB01000001.1:1610109-1617647	Ahall_FJVB01000001.1	1610109	1617647	0.5399845712973582	3672.9750539646307	6802
Ahall_FJVB01000001.1:160686-165605	Ahall_FJVB01000001.1	160686	165605	0.49412262331729356	1936.4665607804734	3919
Ahall_FJVB01000001.1:1619012-1622456	Ahall_FJVB01000001.1	1619012	1622456	0.49135875939886847	1399.8811055273763	2849
Ahall_FJVB01000001.1:1621552-1623836	Ahall_FJVB01000001.1	1621552	1623836	0.528693740931265	1111.314243437519	2102
Ahall_FJVB01000001.1:1622923-1629537	Ahall_FJVB01000001.1	1622923	1629537	0.5128573249462381	3090.9910974509776	6027
Ahall_FJVB01000001.1:1631522-1634275	Ahall_FJVB01000001.1	1631522	1634275	0.4732420770639234	829.5933610930578	1753
Ahall_FJVB01000001.1:1635042-1637821	Ahall_FJVB01000001.1	1635042	1637821	0.47317614634108957	841.7803643407983	1779
Ahall_FJVB01000001.1:1641272-1643897	Ahall_FJVB01000001.1	1641272	1643897	0.501251686542672	1007.5158899507708	2010
Ahall_FJVB01000001.1:1643013-1645787	Ahall_FJVB01000001.1	1643013	1645787	0.49531990028076667	1270.0002243198858	2564
Ahall_FJVB01000001.1:1644882-1647787	Ahall_FJVB01000001.1	1644882	1647787	0.5060978037986776	1169.0859267749454	2310
Ahall_FJVB01000001.1:1649309-1656747	Ahall_FJVB01000001.1	1649309	1656747	0.5026889858749355	3236.3116910628346	6438
Ahall_FJVB01000001.1:1656812-1659652	Ahall_FJVB01000001.1	1656812	1659652	0.5032416555215684	925.9646461596858	1840
Ahall_FJVB01000001.1:1659672-1662906	Ahall_FJVB01000001.1	1659672	1662906	0.470449449621885	1047.220474858316	2226
Ahall_FJVB01000001.1:1662856-1666097	Ahall_FJVB01000001.1	1662856	1666097	0.4941261798038501	1107.336768940428	2241
Ahall_FJVB01000001.1:1665707-1667497	Ahall_FJVB01000001.1	1665707	1667497	0.4641941071564975	366.71334465363304	790
Ahall_FJVB01000001.1:1670812-1672603	Ahall_FJVB01000001.1	1670812	1672603	0.4383715920868704	346.75192934071447	791
Ahall_FJVB01000001.1:1676374-1680107	Ahall_FJVB01000001.1	1676374	1680107	0.48709119641113646	1331.220239791636	2733
Ahall_FJVB01000001.1:16306-19493	Ahall_FJVB01000001.1	16306	19493	0.5098748859421856	1376.662192043901	2700
Ahall_FJVB01000001.1:1681363-1684097	Ahall_FJVB01000001.1	1681363	1684097	0.4777134617111313	966.4143330416186	2023
Ahall_FJVB01000001.1:1683309-1686707	Ahall_FJVB01000001.1	1683309	1686707	0.4944982658598955	1489.4287767700052	3012
Ahall_FJVB01000001.1:1685882-1690493	Ahall_FJVB01000001.1	1685882	1690493	0.48120494331607333	2111.5272912709297	4388
Ahall_FJVB01000001.1:1689542-1692274	Ahall_FJVB01000001.1	1689542	1692274	0.4842106398114797	1268.1476656662653	2619
Ahall_FJVB01000001.1:1691339-1693807	Ahall_FJVB01000001.1	1691339	1693807	0.4975088504036754	946.7593423181943	1903
Ahall_FJVB01000001.1:1693849-1696247	Ahall_FJVB01000001.1	1693849	1696247	0.4396443033082635	614.6227360249524	1398
Ahall_FJVB01000001.1:1703582-1710787	Ahall_FJVB01000001.1	1703582	1710787	0.4559598985203259	2867.98776169285	6290
Ahall_FJVB01000001.1:1710758-1719117	Ahall_FJVB01000001.1	1710758	1719117	0.48644526622433726	1476.847828257088	3036
Ahall_FJVB01000001.1:1718222-1722016	Ahall_FJVB01000001.1	1718222	1722016	0.47365846840051545	1663.9621994910108	3513
Ahall_FJVB01000001.1:1721190-1723697	Ahall_FJVB01000001.1	1721190	1723697	0.4577422143202009	949.3573525000967	2074
Ahall_FJVB01000001.1:1722957-1727007	Ahall_FJVB01000001.1	1722957	1727007	0.48728465112407643	1603.1665021982114	3290
Ahall_FJVB01000001.1:1726612-1728320	Ahall_FJVB01000001.1	1726612	1728320	0.4937894158339378	349.602906410428	708
Ahall_FJVB01000001.1:1728261-1733467	Ahall_FJVB01000001.1	1728261	1733467	0.5174584150949887	2176.4300938895226	4206
Ahall_FJVB01000001.1:1735282-1739428	Ahall_FJVB01000001.1	1735282	1739428	0.48462996991435114	1759.691420759009	3631
Ahall_FJVB01000001.1:1738444-1744877	Ahall_FJVB01000001.1	1738444	1744877	0.47476052644781913	2809.158034991746	5917
Ahall_FJVB01000001.1:1745082-1747173	Ahall_FJVB01000001.1	1745082	1747173	0.4585641252251359	500.29346062062325	1091
Ahall_FJVB01000001.1:1755350-1758739	Ahall_FJVB01000001.1	1755350	1758739	0.43017720712780944	1027.6933478283368	2389
Ahall_FJVB01000001.1:1758350-1761816	Ahall_FJVB01000001.1	1758350	1761816	0.44671496206710565	1162.799046260676	2603
Ahall_FJVB01000001.1:1761180-1762921	Ahall_FJVB01000001.1	1761180	1762921	0.4644182170275449	407.29477633315685	877
Ahall_FJVB01000001.1:1776910-1779396	Ahall_FJVB01000001.1	1776910	1779396	0.446398177692014	858.423695701743	1923
Ahall_FJVB01000001.1:1778460-1780631	Ahall_FJVB01000001.1	1778460	1780631	0.42150645849920426	699.7007211086791	1660
Ahall_FJVB01000001.1:1780079-1781645	Ahall_FJVB01000001.1	1780079	1781645	0.4293365813398245	408.2990888541731	951
Ahall_FJVB01000001.1:1780813-1782645	Ahall_FJVB01000001.1	1780813	1782645	0.4273081820420363	669.5919212598709	1567
Ahall_FJVB01000001.1:1791790-1793695	Ahall_FJVB01000001.1	1791790	1793695	0.5028733011150017	664.2956307729172	1321
Ahall_FJVB01000001.1:1792780-1801944	Ahall_FJVB01000001.1	1792780	1801944	0.4947156020374212	4464.808308387726	9025
Ahall_FJVB01000001.1:1800961-1803405	Ahall_FJVB01000001.1	1800961	1803405	0.4806880387384704	1129.136202996667	2349
Ahall_FJVB01000001.1:1802471-1804235	Ahall_FJVB01000001.1	1802471	1804235	0.47474935811538227	745.8312415992656	1571
Ahall_FJVB01000001.1:1803360-1806644	Ahall_FJVB01000001.1	1803360	1806644	0.4812338824429202	1279.6008934157248	2659
Ahall_FJVB01000001.1:1813600-1818231	Ahall_FJVB01000001.1	1813600	1818231	0.47254405578080233	1715.8074665400932	3631
Ahall_FJVB01000001.1:1822720-1826725	Ahall_FJVB01000001.1	1822720	1826725	0.5078981328286496	1526.2338891500922	3005
Ahall_FJVB01000001.1:1826556-1829175	Ahall_FJVB01000001.1	1826556	1829175	0.5166155005686414	993.4516075934974	1923
Ahall_FJVB01000001.1:1828372-1830365	Ahall_FJVB01000001.1	1828372	1830365	0.5016845074480589	650.1831216526843	1296
Ahall_FJVB01000001.1:1831502-1833405	Ahall_FJVB01000001.1	1831502	1833405	0.5198886920340791	638.9432025098831	1229
Ahall_FJVB01000001.1:1832580-1834590	Ahall_FJVB01000001.1	1832580	1834590	0.5141821340858901	686.4331490046633	1335
Ahall_FJVB01000001.1:1834543-1836345	Ahall_FJVB01000001.1	1834543	1836345	0.5104661773364209	562.5337274247357	1102
Ahall_FJVB01000001.1:1835546-1838805	Ahall_FJVB01000001.1	1835546	1838805	0.4982691029352913	1274.5723653084751	2558
Ahall_FJVB01000001.1:1839883-1842415	Ahall_FJVB01000001.1	1839883	1842415	0.4968526435570187	761.1782499293527	1532
Ahall_FJVB01000001.1:1849710-1852771	Ahall_FJVB01000001.1	1849710	1852771	0.49140282759798337	1226.0500548569685	2495
Ahall_FJVB01000001.1:1851838-1854495	Ahall_FJVB01000001.1	1851838	1854495	0.5098596933116043	1065.606759021253	2090
Ahall_FJVB01000001.1:1854520-1856155	Ahall_FJVB01000001.1	1854520	1856155	0.5097245112242391	323.6750646273918	635
Ahall_FJVB01000001.1:1861310-1865828	Ahall_FJVB01000001.1	1861310	1865828	0.5305165091802765	1864.765529768672	3515
Ahall_FJVB01000001.1:185833-189574	Ahall_FJVB01000001.1	185833	189574	0.4581024521468533	1361.9385902325948	2973
Ahall_FJVB01000001.1:1866280-1875274	Ahall_FJVB01000001.1	1866280	1875274	0.4860132983487806	3770.005155291491	7757
Ahall_FJVB01000001.1:1879061-1881205	Ahall_FJVB01000001.1	1879061	1881205	0.47830005811191095	547.1752664800262	1144
Ahall_FJVB01000001.1:1881181-1883515	Ahall_FJVB01000001.1	1881181	1883515	0.45533843968869	606.0554632256463	1331
Ahall_FJVB01000001.1:1883301-1885705	Ahall_FJVB01000001.1	1883301	1885705	0.4409990540125808	619.1626718336635	1404
Ahall_FJVB01000001.1:1886600-1890036	Ahall_FJVB01000001.1	1886600	1890036	0.46200937797798813	1125.454844754379	2436
Ahall_FJVB01000001.1:188843-192654	Ahall_FJVB01000001.1	188843	192654	0.4749716853363399	1642.9270595783996	3459
Ahall_FJVB01000001.1:1900856-1903435	Ahall_FJVB01000001.1	1900856	1903435	0.4376526848263125	691.0535893407474	1579
Ahall_FJVB01000001.1:1910310-1914137	Ahall_FJVB01000001.1	1910310	1914137	0.48118505863924665	1360.3101607731503	2827
Ahall_FJVB01000001.1:1913752-1916735	Ahall_FJVB01000001.1	1913752	1916735	0.4728994491036576	937.759607572553	1983
Ahall_FJVB01000001.1:191738-193348	Ahall_FJVB01000001.1	191738	193348	0.46658614555835043	624.7588489026313	1339
Ahall_FJVB01000001.1:1922178-1924605	Ahall_FJVB01000001.1	1922178	1924605	0.48087123356631506	686.2032502991316	1427
Ahall_FJVB01000001.1:192536-199168	Ahall_FJVB01000001.1	192536	199168	0.4916341426467712	2014.2250824238215	4097
Ahall_FJVB01000001.1:18826-21766	Ahall_FJVB01000001.1	18826	21766	0.5110716024769277	1073.7614368040252	2101
Ahall_FJVB01000001.1:1934765-1936490	Ahall_FJVB01000001.1	1934765	1936490	0.5051873077660026	366.26079813035193	725
Ahall_FJVB01000001.1:1936425-1939783	Ahall_FJVB01000001.1	1936425	1939783	0.47809619302329726	1127.350823148935	2358
Ahall_FJVB01000001.1:1939453-1942590	Ahall_FJVB01000001.1	1939453	1942590	0.4579865770626212	978.7173151828215	2137
Ahall_FJVB01000001.1:1970596-1974040	Ahall_FJVB01000001.1	1970596	1974040	0.46492407874803354	1136.274448460194	2444
Ahall_FJVB01000001.1:1974424-1977150	Ahall_FJVB01000001.1	1974424	1977150	0.46972899845653165	810.7522513359736	1726
Ahall_FJVB01000001.1:1977425-1982614	Ahall_FJVB01000001.1	1977425	1982614	0.5069213202682317	2224.877674657269	4389
Ahall_FJVB01000001.1:1981915-1985923	Ahall_FJVB01000001.1	1981915	1985923	0.5083186939161785	1630.1780513891845	3207
Ahall_FJVB01000001.1:1987465-1989500	Ahall_FJVB01000001.1	1987465	1989500	0.48926015164147	506.38425694892146	1035
Ahall_FJVB01000001.1:1990745-1994289	Ahall_FJVB01000001.1	1990745	1994289	0.4483951138135401	1140.717169541646	2544
Ahall_FJVB01000001.1:1995973-1998290	Ahall_FJVB01000001.1	1995973	1998290	0.5070044825561407	667.7249035264373	1317
Ahall_FJVB01000001.1:199150-207908	Ahall_FJVB01000001.1	199150	207908	0.5024355476499459	3896.3876720253306	7755
Ahall_FJVB01000001.1:1999966-2003120	Ahall_FJVB01000001.1	1999966	2003120	0.45517925712821933	980.4561198541844	2154
Ahall_FJVB01000001.1:2015245-2018789	Ahall_FJVB01000001.1	2015245	2018789	0.4483331664551159	1260.2645309053307	2811
Ahall_FJVB01000001.1:2018023-2021540	Ahall_FJVB01000001.1	2018023	2021540	0.4595493389148417	1278.9258102000044	2783
Ahall_FJVB01000001.1:2021104-2023430	Ahall_FJVB01000001.1	2021104	2023430	0.47951509834063544	635.8370203996826	1326
Ahall_FJVB01000001.1:2023136-2030480	Ahall_FJVB01000001.1	2023136	2030480	0.5355958916784413	3420.315364258526	6386
Ahall_FJVB01000001.1:2029915-2037036	Ahall_FJVB01000001.1	2029915	2037036	0.5047069489442012	3304.82110168663	6548
Ahall_FJVB01000001.1:2036175-2043344	Ahall_FJVB01000001.1	2036175	2043344	0.5011040029122537	3272.2091390170162	6530
Ahall_FJVB01000001.1:2042889-2044650	Ahall_FJVB01000001.1	2042889	2044650	0.48864596572541047	371.85957991703737	761
Ahall_FJVB01000001.1:2044675-2048683	Ahall_FJVB01000001.1	2044675	2048683	0.5205427233258451	1548.614601894389	2975
Ahall_FJVB01000001.1:2049255-2053208	Ahall_FJVB01000001.1	2049255	2053208	0.49244527726961385	1692.0419726983932	3436
Ahall_FJVB01000001.1:2052226-2054740	Ahall_FJVB01000001.1	2052226	2054740	0.47725957698225335	952.6101156565777	1996
Ahall_FJVB01000001.1:2054281-2057050	Ahall_FJVB01000001.1	2054281	2057050	0.5105237229720428	1100.1786230047524	2155
Ahall_FJVB01000001.1:2056165-2063734	Ahall_FJVB01000001.1	2056165	2063734	0.5114668645623316	3556.740576166454	6954
Ahall_FJVB01000001.1:2063406-2064890	Ahall_FJVB01000001.1	2063406	2064890	0.5060890053144264	244.94707857218236	484
Ahall_FJVB01000001.1:2065567-2067160	Ahall_FJVB01000001.1	2065567	2067160	0.5173767244903439	306.80439762277393	593
Ahall_FJVB01000001.1:2067941-2069490	Ahall_FJVB01000001.1	2067941	2069490	0.5131524088764745	281.7206724731845	549
Ahall_FJVB01000001.1:2070855-2073160	Ahall_FJVB01000001.1	2070855	2073160	0.4951721462780287	646.1996508928274	1305
Ahall_FJVB01000001.1:2077041-2081830	Ahall_FJVB01000001.1	2077041	2081830	0.5260377592969476	1993.1570699761344	3789
Ahall_FJVB01000001.1:2089398-2091370	Ahall_FJVB01000001.1	2089398	2091370	0.49007317962560637	476.3511305960894	972
Ahall_FJVB01000001.1:2093215-2094867	Ahall_FJVB01000001.1	2093215	2094867	0.4455482651836134	290.49746889971595	652
Ahall_FJVB01000001.1:2103229-2109611	Ahall_FJVB01000001.1	2103229	2109611	0.44433859195984765	2391.4303019279	5382
Ahall_FJVB01000001.1:210453-214734	Ahall_FJVB01000001.1	210453	214734	0.5478353675438636	1797.4478409114167	3281
Ahall_FJVB01000001.1:2109373-2111311	Ahall_FJVB01000001.1	2109373	2111311	0.4913676485404198	460.9028543309138	938
Ahall_FJVB01000001.1:2111116-2115315	Ahall_FJVB01000001.1	2111116	2115315	0.49496834095525094	1583.4037227158478	3199
Ahall_FJVB01000001.1:2115316-2122543	Ahall_FJVB01000001.1	2115316	2122543	0.5458861477051055	3541.709326310724	6488
Ahall_FJVB01000001.1:2121766-2124186	Ahall_FJVB01000001.1	2121766	2124186	0.4908668317933413	833.0010135533001	1697
Ahall_FJVB01000001.1:2129496-2133380	Ahall_FJVB01000001.1	2129496	2133380	0.4596392164486996	1325.5995002380496	2884
Ahall_FJVB01000001.1:2133799-2136601	Ahall_FJVB01000001.1	2133799	2136601	0.5053984223913477	910.7279571492086	1802
Ahall_FJVB01000001.1:2136785-2139291	Ahall_FJVB01000001.1	2136785	2139291	0.5135800492099326	771.9108139625288	1503
Ahall_FJVB01000001.1:2143373-2146201	Ahall_FJVB01000001.1	2143373	2146201	0.4856014100760777	1055.697465505393	2174
Ahall_FJVB01000001.1:2145356-2149680	Ahall_FJVB01000001.1	2145356	2149680	0.49120747402932113	1969.7419708575778	4010
Ahall_FJVB01000001.1:2148840-2152871	Ahall_FJVB01000001.1	2148840	2152871	0.5350976992956405	1687.6981435784503	3154
Ahall_FJVB01000001.1:2152592-2158191	Ahall_FJVB01000001.1	2152592	2158191	0.5381608620438663	1887.8683040498827	3508
Ahall_FJVB01000001.1:2157576-2162201	Ahall_FJVB01000001.1	2157576	2162201	0.4957815428137868	1854.2229701235626	3740
Ahall_FJVB01000001.1:215323-221047	Ahall_FJVB01000001.1	215323	221047	0.47258895458364525	2454.15444115287	5193
Ahall_FJVB01000001.1:2161756-2163645	Ahall_FJVB01000001.1	2161756	2163645	0.4574387901079229	406.66308440594344	889
Ahall_FJVB01000001.1:2163256-2165600	Ahall_FJVB01000001.1	2163256	2165600	0.47941201162128333	644.3297436190048	1344
Ahall_FJVB01000001.1:2168976-2172490	Ahall_FJVB01000001.1	2168976	2172490	0.4587719210696455	1262.0815548625947	2751
Ahall_FJVB01000001.1:2171754-2173681	Ahall_FJVB01000001.1	2171754	2173681	0.48578475029420853	564.9676645921645	1163
Ahall_FJVB01000001.1:2175591-2177111	Ahall_FJVB01000001.1	2175591	2177111	0.4433709285465134	230.55288284418697	520
Ahall_FJVB01000001.1:2196527-2201221	Ahall_FJVB01000001.1	2196527	2201221	0.49650176791934186	1834.0775306940488	3694
Ahall_FJVB01000001.1:2201116-2205509	Ahall_FJVB01000001.1	2201116	2205509	0.4914491990987018	1667.4871325418953	3393
Ahall_FJVB01000001.1:220079-223088	Ahall_FJVB01000001.1	220079	223088	0.45549607545646204	1128.2637789056564	2477
Ahall_FJVB01000001.1:2207391-2209521	Ahall_FJVB01000001.1	2207391	2209521	0.5014142270459232	566.5980765618932	1130
Ahall_FJVB01000001.1:2212186-2214632	Ahall_FJVB01000001.1	2212186	2214632	0.4992999479904708	959.1552000896944	1921
Ahall_FJVB01000001.1:2213658-2216181	Ahall_FJVB01000001.1	2213658	2216181	0.49574200129636026	1024.2029746782803	2066
Ahall_FJVB01000001.1:2215613-2218341	Ahall_FJVB01000001.1	2215613	2218341	0.5085425888777622	985.0469946562253	1937
Ahall_FJVB01000001.1:2217701-2220421	Ahall_FJVB01000001.1	2217701	2220421	0.5175688356921131	962.6780343873303	1860
Ahall_FJVB01000001.1:2223995-2226671	Ahall_FJVB01000001.1	2223995	2226671	0.47806652055953996	801.239488457789	1676
Ahall_FJVB01000001.1:2226544-2229201	Ahall_FJVB01000001.1	2226544	2229201	0.48757754301541173	807.9159887765372	1657
Ahall_FJVB01000001.1:2229236-2233401	Ahall_FJVB01000001.1	2229236	2233401	0.5270087026400359	1667.9825438557134	3165
Ahall_FJVB01000001.1:2233026-2237043	Ahall_FJVB01000001.1	2233026	2237043	0.4909173832587297	1481.0977452915874	3017
Ahall_FJVB01000001.1:2236686-2240895	Ahall_FJVB01000001.1	2236686	2240895	0.4969656867556113	1594.7628887987566	3209
Ahall_FJVB01000001.1:2245586-2247558	Ahall_FJVB01000001.1	2245586	2247558	0.5238611505536818	576.7711267596036	1101
Ahall_FJVB01000001.1:2246866-2250287	Ahall_FJVB01000001.1	2246866	2250287	0.4693457088989368	1314.167984917023	2800
Ahall_FJVB01000001.1:2249601-2255821	Ahall_FJVB01000001.1	2249601	2255821	0.4809772220688419	2600.1628625041594	5406
Ahall_FJVB01000001.1:2259277-2263491	Ahall_FJVB01000001.1	2259277	2263491	0.4807434176578642	1545.1093443523755	3214
Ahall_FJVB01000001.1:2263029-2268441	Ahall_FJVB01000001.1	2263029	2268441	0.47601580465663135	2242.51045573739	4711
Ahall_FJVB01000001.1:2267643-2270941	Ahall_FJVB01000001.1	2267643	2270941	0.5219622203386436	1355.0139239991188	2596
Ahall_FJVB01000001.1:2270876-2274379	Ahall_FJVB01000001.1	2270876	2274379	0.5106948213255009	1278.2691377777287	2503
Ahall_FJVB01000001.1:2285427-2287104	Ahall_FJVB01000001.1	2285427	2287104	0.4771158958025339	323.00746145831545	677
Ahall_FJVB01000001.1:2288439-2290834	Ahall_FJVB01000001.1	2288439	2290834	0.46850862043996083	862.5243702299679	1841
Ahall_FJVB01000001.1:2289889-2292014	Ahall_FJVB01000001.1	2289889	2292014	0.43598368250117914	684.4943815268513	1570
Ahall_FJVB01000001.1:2301379-2303559	Ahall_FJVB01000001.1	2301379	2303559	0.5094014179795423	834.3995226504902	1638
Ahall_FJVB01000001.1:2302602-2306114	Ahall_FJVB01000001.1	2302602	2306114	0.500709605039802	1539.1813258923512	3074
Ahall_FJVB01000001.1:2305484-2310434	Ahall_FJVB01000001.1	2305484	2310434	0.48062718307413116	1948.4626001825277	4054
Ahall_FJVB01000001.1:2310706-2313424	Ahall_FJVB01000001.1	2310706	2313424	0.45966922261470283	789.7117244520595	1718
Ahall_FJVB01000001.1:2313720-2317594	Ahall_FJVB01000001.1	2313720	2317594	0.5061342394025383	1454.629804042895	2874
Ahall_FJVB01000001.1:2317276-2320244	Ahall_FJVB01000001.1	2317276	2320244	0.5288380935335945	1040.753368074114	1968
Ahall_FJVB01000001.1:2319949-2323533	Ahall_FJVB01000001.1	2319949	2323533	0.5052873979698328	1333.4534432423886	2639
Ahall_FJVB01000001.1:2322979-2325640	Ahall_FJVB01000001.1	2322979	2325640	0.4839457830895522	837.2262047449253	1730
Ahall_FJVB01000001.1:2325126-2327464	Ahall_FJVB01000001.1	2325126	2327464	0.47675383372441027	644.5711831954027	1352
Ahall_FJVB01000001.1:2327966-2330704	Ahall_FJVB01000001.1	2327966	2330704	0.5071570274736747	881.4389137492468	1738
Ahall_FJVB01000001.1:2332522-2339234	Ahall_FJVB01000001.1	2332522	2339234	0.49544323150664293	2829.9717383659445	5712
Ahall_FJVB01000001.1:2338746-2341014	Ahall_FJVB01000001.1	2338746	2341014	0.43063313139250176	840.5958724781634	1952
Ahall_FJVB01000001.1:2339324-2341014	Ahall_FJVB01000001.1	2339324	2341014	0.42421512429421554	794.9791429273599	1874
Ahall_FJVB01000001.1:233493-237714	Ahall_FJVB01000001.1	233493	237714	0.4793972111348675	1544.1384170654082	3221
Ahall_FJVB01000001.1:2340580-2343024	Ahall_FJVB01000001.1	2340580	2343024	0.5185416069862795	967.5986386363975	1866
Ahall_FJVB01000001.1:2342103-2346904	Ahall_FJVB01000001.1	2342103	2346904	0.5131201580052037	2166.39330709797	4222
Ahall_FJVB01000001.1:2346839-2350256	Ahall_FJVB01000001.1	2346839	2350256	0.520478483063413	1474.5155425186492	2833
Ahall_FJVB01000001.1:2349341-2352014	Ahall_FJVB01000001.1	2349341	2352014	0.5242456026736028	1286.498708961021	2454
Ahall_FJVB01000001.1:2351149-2353517	Ahall_FJVB01000001.1	2351149	2353517	0.5067662102516082	1129.5818826508346	2229
Ahall_FJVB01000001.1:2352522-2357404	Ahall_FJVB01000001.1	2352522	2357404	0.4939871693752656	2162.1818403555376	4377
Ahall_FJVB01000001.1:2357973-2360644	Ahall_FJVB01000001.1	2357973	2360644	0.4889301871278654	817.0023426906631	1671
Ahall_FJVB01000001.1:2362887-2367004	Ahall_FJVB01000001.1	2362887	2367004	0.5004840755304931	1560.008863428547	3117
Ahall_FJVB01000001.1:2367114-2371764	Ahall_FJVB01000001.1	2367114	2371764	0.5151617062277378	1880.340227731243	3650
Ahall_FJVB01000001.1:2372059-2375079	Ahall_FJVB01000001.1	2372059	2375079	0.5068024692055761	1023.7409877952638	2020
Ahall_FJVB01000001.1:2378039-2381756	Ahall_FJVB01000001.1	2378039	2381756	0.4574962021145645	1379.351049375412	3015
Ahall_FJVB01000001.1:237564-239498	Ahall_FJVB01000001.1	237564	239498	0.49984396611952014	466.8542643556318	934
Ahall_FJVB01000001.1:2380959-2383691	Ahall_FJVB01000001.1	2380959	2383691	0.4842257771092492	982.4941017546666	2029
Ahall_FJVB01000001.1:2386139-2389912	Ahall_FJVB01000001.1	2386139	2389912	0.4415732358224261	1292.4848612522412	2927
Ahall_FJVB01000001.1:2389259-2391373	Ahall_FJVB01000001.1	2389259	2391373	0.4810009767832671	609.4282375843994	1267
Ahall_FJVB01000001.1:2395675-2398014	Ahall_FJVB01000001.1	2395675	2398014	0.495155093847402	794.7239256250801	1605
Ahall_FJVB01000001.1:239118-241828	Ahall_FJVB01000001.1	239118	241828	0.5098024247373829	871.7621463009248	1710
Ahall_FJVB01000001.1:2397249-2399813	Ahall_FJVB01000001.1	2397249	2399813	0.4921667658341757	1118.6950587410813	2273
Ahall_FJVB01000001.1:2398870-2403904	Ahall_FJVB01000001.1	2398870	2403904	0.5022078178677543	2248.384400593936	4477
Ahall_FJVB01000001.1:2403629-2405351	Ahall_FJVB01000001.1	2403629	2405351	0.49218211822802393	355.35548936063327	722
Ahall_FJVB01000001.1:2405251-2407534	Ahall_FJVB01000001.1	2405251	2407534	0.47704981155075415	612.0549082196176	1283
Ahall_FJVB01000001.1:2407732-2413494	Ahall_FJVB01000001.1	2407732	2413494	0.4963895874707262	2160.2874846726004	4352
Ahall_FJVB01000001.1:2428783-2431664	Ahall_FJVB01000001.1	2428783	2431664	0.46648724436670475	889.1246877629393	1906
Ahall_FJVB01000001.1:242443-245711	Ahall_FJVB01000001.1	242443	245711	0.5157870238895554	1259.5519123382944	2442
Ahall_FJVB01000001.1:2431140-2434684	Ahall_FJVB01000001.1	2431140	2434684	0.5039468955771741	1294.135627842183	2568
Ahall_FJVB01000001.1:2435502-2439991	Ahall_FJVB01000001.1	2435502	2439991	0.5058882203481323	1765.0440007946336	3489
Ahall_FJVB01000001.1:2439846-2442695	Ahall_FJVB01000001.1	2439846	2442695	0.47369052329361233	875.8537775698892	1849
Ahall_FJVB01000001.1:2442506-2445290	Ahall_FJVB01000001.1	2442506	2445290	0.4719866662375703	842.0242125678254	1784
Ahall_FJVB01000001.1:2446206-2448978	Ahall_FJVB01000001.1	2446206	2448978	0.4742673930533364	840.401820490512	1772
Ahall_FJVB01000001.1:2448637-2451671	Ahall_FJVB01000001.1	2448637	2451671	0.5211938870431825	1060.1083662458332	2034
Ahall_FJVB01000001.1:2451362-2456181	Ahall_FJVB01000001.1	2451362	2456181	0.49275916775017325	1881.8472616379117	3819
Ahall_FJVB01000001.1:245038-246858	Ahall_FJVB01000001.1	245038	246858	0.4942126992693241	495.20112466786276	1002
Ahall_FJVB01000001.1:2455939-2460631	Ahall_FJVB01000001.1	2455939	2460631	0.4979559197880813	1881.2774649593712	3778
Ahall_FJVB01000001.1:2460046-2465701	Ahall_FJVB01000001.1	2460046	2465701	0.4845247443504743	2404.696306211404	4963
Ahall_FJVB01000001.1:2464976-2468184	Ahall_FJVB01000001.1	2464976	2468184	0.5244956817114792	1524.1844510535584	2906
Ahall_FJVB01000001.1:2467212-2474131	Ahall_FJVB01000001.1	2467212	2474131	0.5504131836493662	3475.308841562098	6314
Ahall_FJVB01000001.1:246350-247978	Ahall_FJVB01000001.1	246350	247978	0.543278230812266	345.52495479660115	636
Ahall_FJVB01000001.1:2474402-2476901	Ahall_FJVB01000001.1	2474402	2476901	0.5047806975026322	756.6662655564456	1499
Ahall_FJVB01000001.1:2478596-2483977	Ahall_FJVB01000001.1	2478596	2483977	0.49360367714258935	2238.4926758416427	4535
Ahall_FJVB01000001.1:247494-250378	Ahall_FJVB01000001.1	247494	250378	0.49581779589698644	934.1207274699225	1884
Ahall_FJVB01000001.1:2483324-2487431	Ahall_FJVB01000001.1	2483324	2487431	0.5020462424404267	1775.235513269349	3536
Ahall_FJVB01000001.1:2486656-2490428	Ahall_FJVB01000001.1	2486656	2490428	0.5079671941315588	1782.4568842076399	3509
Ahall_FJVB01000001.1:2489467-2493231	Ahall_FJVB01000001.1	2489467	2493231	0.5013093704730299	1616.7227197755215	3225
Ahall_FJVB01000001.1:2495276-2499111	Ahall_FJVB01000001.1	2495276	2499111	0.4824163184603399	1367.6502628350636	2835
Ahall_FJVB01000001.1:2499196-2500964	Ahall_FJVB01000001.1	2499196	2500964	0.4918390944064863	377.7324245041815	768
Ahall_FJVB01000001.1:2503986-2507245	Ahall_FJVB01000001.1	2503986	2507245	0.4949261306846976	1118.038129216732	2259
Ahall_FJVB01000001.1:250023-252461	Ahall_FJVB01000001.1	250023	252461	0.5185177420392423	745.6285130524303	1438
Ahall_FJVB01000001.1:2507716-2511215	Ahall_FJVB01000001.1	2507716	2511215	0.39682047303153856	990.4639006867202	2496
Ahall_FJVB01000001.1:2515476-2516981	Ahall_FJVB01000001.1	2515476	2516981	0.4760112950747831	240.38570401276547	505
Ahall_FJVB01000001.1:2518228-2524481	Ahall_FJVB01000001.1	2518228	2524481	0.5138544137126424	2358.5917589410287	4590
Ahall_FJVB01000001.1:2525025-2528821	Ahall_FJVB01000001.1	2525025	2528821	0.4900737539541042	1544.2223987093823	3151
Ahall_FJVB01000001.1:2527967-2530791	Ahall_FJVB01000001.1	2527967	2530791	0.4883477759924014	1063.6214561114502	2178
Ahall_FJVB01000001.1:2530676-2532699	Ahall_FJVB01000001.1	2530676	2532699	0.4700884139123906	648.722011199099	1380
Ahall_FJVB01000001.1:2531800-2533921	Ahall_FJVB01000001.1	2531800	2533921	0.506374301516841	822.8582399648667	1625
Ahall_FJVB01000001.1:252828-254708	Ahall_FJVB01000001.1	252828	254708	0.482383346787002	423.05019513220077	877
Ahall_FJVB01000001.1:2533317-2536671	Ahall_FJVB01000001.1	2533317	2536671	0.5068130632455542	1245.7465094575723	2458
Ahall_FJVB01000001.1:2539146-2544022	Ahall_FJVB01000001.1	2539146	2544022	0.5184460792484322	2009.4970031669234	3876
Ahall_FJVB01000001.1:2544116-2546948	Ahall_FJVB01000001.1	2544116	2546948	0.4828075759069949	884.5034790616147	1832
Ahall_FJVB01000001.1:254273-258051	Ahall_FJVB01000001.1	254273	258051	0.4688255100905675	1489.458645557733	3177
Ahall_FJVB01000001.1:2556746-2558848	Ahall_FJVB01000001.1	2556746	2558848	0.4380465541314989	482.72730265291176	1102
Ahall_FJVB01000001.1:2558586-2561301	Ahall_FJVB01000001.1	2558586	2561301	0.45583486943106655	923.9772803367719	2027
Ahall_FJVB01000001.1:2560490-2562621	Ahall_FJVB01000001.1	2560490	2562621	0.4894269846875679	705.753711919473	1442
Ahall_FJVB01000001.1:2570806-2573510	Ahall_FJVB01000001.1	2570806	2573510	0.4807340635778309	819.1708443366239	1704
Ahall_FJVB01000001.1:257153-259275	Ahall_FJVB01000001.1	257153	259275	0.48101795410077797	731.1472902331825	1520
Ahall_FJVB01000001.1:2576456-2579477	Ahall_FJVB01000001.1	2576456	2579477	0.46197021826815676	933.6418111199448	2021
Ahall_FJVB01000001.1:2580646-2582695	Ahall_FJVB01000001.1	2580646	2582695	0.5336512519169572	559.8001632608881	1049
Ahall_FJVB01000001.1:2582536-2586021	Ahall_FJVB01000001.1	2582536	2586021	0.48000897871503173	1192.8223121068538	2485
Ahall_FJVB01000001.1:2586776-2602915	Ahall_FJVB01000001.1	2586776	2602915	0.5186111760821509	7896.373767026829	15226
Ahall_FJVB01000001.1:2602326-2604543	Ahall_FJVB01000001.1	2602326	2604543	0.5241470711838919	682.9636337526111	1303
Ahall_FJVB01000001.1:2606376-2611973	Ahall_FJVB01000001.1	2606376	2611973	0.5438911638349283	2500.2676801491652	4597
Ahall_FJVB01000001.1:2612266-2615041	Ahall_FJVB01000001.1	2612266	2615041	0.4949088766202216	878.4632560008934	1775
Ahall_FJVB01000001.1:2616867-2618991	Ahall_FJVB01000001.1	2616867	2618991	0.4760740555594088	530.8225719487408	1115
Ahall_FJVB01000001.1:2628984-2633099	Ahall_FJVB01000001.1	2628984	2633099	0.49861157844692033	1553.1750668621569	3115
Ahall_FJVB01000001.1:2634970-2636769	Ahall_FJVB01000001.1	2634970	2636769	0.47666051867826176	380.85175442393114	799
Ahall_FJVB01000001.1:2637544-2643549	Ahall_FJVB01000001.1	2637544	2643549	0.4737754013045473	2501.5341188880097	5280
Ahall_FJVB01000001.1:263723-267492	Ahall_FJVB01000001.1	263723	267492	0.4850064707432298	1342.9829174880033	2769
Ahall_FJVB01000001.1:2642775-2649459	Ahall_FJVB01000001.1	2642775	2649459	0.474727998295925	1054.3708842152494	2221
Ahall_FJVB01000001.1:2649039-2650759	Ahall_FJVB01000001.1	2649039	2650759	0.44426486640451357	319.87070381124977	720
Ahall_FJVB01000001.1:2652033-2653739	Ahall_FJVB01000001.1	2652033	2653739	0.4308474545939147	304.1783029433038	706
Ahall_FJVB01000001.1:2654967-2656959	Ahall_FJVB01000001.1	2654967	2656959	0.4601052227243291	456.42438094253447	992
Ahall_FJVB01000001.1:2657304-2661273	Ahall_FJVB01000001.1	2657304	2661273	0.5020274682369756	1490.5195531955808	2969
Ahall_FJVB01000001.1:2660923-2663419	Ahall_FJVB01000001.1	2660923	2663419	0.513365524446528	930.2183302971088	1812
Ahall_FJVB01000001.1:2662604-2666584	Ahall_FJVB01000001.1	2662604	2666584	0.512319770360421	1685.532044485785	3290
Ahall_FJVB01000001.1:2669851-2672289	Ahall_FJVB01000001.1	2669851	2672289	0.5445120784138278	783.0083687590843	1438
Ahall_FJVB01000001.1:2672864-2675850	Ahall_FJVB01000001.1	2672864	2675850	0.5076672717279476	1235.1544721140965	2433
Ahall_FJVB01000001.1:2674862-2676309	Ahall_FJVB01000001.1	2674862	2676309	0.51043768917187	477.2592393756985	935
Ahall_FJVB01000001.1:2676394-2678136	Ahall_FJVB01000001.1	2676394	2678136	0.5412646235191043	443.2957266621465	819
Ahall_FJVB01000001.1:2677560-2684769	Ahall_FJVB01000001.1	2677560	2684769	0.5157773649961724	3233.9240785260013	6270
Ahall_FJVB01000001.1:2684564-2686181	Ahall_FJVB01000001.1	2684564	2686181	0.5041764005060944	536.4436901384844	1064
Ahall_FJVB01000001.1:2685235-2690239	Ahall_FJVB01000001.1	2685235	2690239	0.5019039947240899	2233.4727765222	4450
Ahall_FJVB01000001.1:2690224-2693079	Ahall_FJVB01000001.1	2690224	2693079	0.5143208825621353	1178.823462832414	2292
Ahall_FJVB01000001.1:2692143-2698689	Ahall_FJVB01000001.1	2692143	2698689	0.5284165355573139	3160.9877157038522	5982
Ahall_FJVB01000001.1:2698524-2700239	Ahall_FJVB01000001.1	2698524	2700239	0.5026635036246605	402.63346640335305	801
Ahall_FJVB01000001.1:2699654-2702202	Ahall_FJVB01000001.1	2699654	2702202	0.4984702259376198	814.0018789561332	1633
Ahall_FJVB01000001.1:269703-272065	Ahall_FJVB01000001.1	269703	272065	0.48176200182047785	656.1598464794909	1362
Ahall_FJVB01000001.1:2701854-2706031	Ahall_FJVB01000001.1	2701854	2706031	0.49941142647322007	1758.4276326122078	3521
Ahall_FJVB01000001.1:2705188-2709509	Ahall_FJVB01000001.1	2705188	2709509	0.503423925574932	1939.692385240213	3853
Ahall_FJVB01000001.1:2708821-2711129	Ahall_FJVB01000001.1	2708821	2711129	0.4951678594350128	740.7711177147792	1496
Ahall_FJVB01000001.1:2711263-2712769	Ahall_FJVB01000001.1	2711263	2712769	0.4423403123137988	223.82419803078218	506
Ahall_FJVB01000001.1:2712452-2714089	Ahall_FJVB01000001.1	2712452	2714089	0.48690296453831217	310.15718841090484	637
Ahall_FJVB01000001.1:2717075-2721199	Ahall_FJVB01000001.1	2717075	2721199	0.48252818073592446	1507.418036619028	3124
Ahall_FJVB01000001.1:271776-274688	Ahall_FJVB01000001.1	271776	274688	0.5462585776803083	1044.4464005247494	1912
Ahall_FJVB01000001.1:2723594-2731514	Ahall_FJVB01000001.1	2723594	2731514	0.48469107426313024	3351.1540874552825	6914
Ahall_FJVB01000001.1:2731074-2736245	Ahall_FJVB01000001.1	2731074	2736245	0.5111674169847165	2293.097032593438	4486
Ahall_FJVB01000001.1:2735431-2741749	Ahall_FJVB01000001.1	2735431	2741749	0.5291272021043633	3193.2826646998324	6035
Ahall_FJVB01000001.1:2740847-2743879	Ahall_FJVB01000001.1	2740847	2743879	0.5103741783743596	1413.2260999186017	2769
Ahall_FJVB01000001.1:2743045-2746399	Ahall_FJVB01000001.1	2743045	2746399	0.48633463037291735	1494.992653766348	3074
Ahall_FJVB01000001.1:2745514-2750071	Ahall_FJVB01000001.1	2745514	2750071	0.5105370536462278	2210.6254422881666	4330
Ahall_FJVB01000001.1:2749184-2751848	Ahall_FJVB01000001.1	2749184	2751848	0.5101904995631485	1212.212626962041	2376
Ahall_FJVB01000001.1:274613-277022	Ahall_FJVB01000001.1	274613	277022	0.45012220807795333	628.8207246849008	1397
Ahall_FJVB01000001.1:2751024-2754164	Ahall_FJVB01000001.1	2751024	2754164	0.5136357019804593	1492.1117142532341	2905
Ahall_FJVB01000001.1:2753224-2757111	Ahall_FJVB01000001.1	2753224	2757111	0.5180066378286505	1888.134194885431	3645
Ahall_FJVB01000001.1:2756294-2760227	Ahall_FJVB01000001.1	2756294	2760227	0.5037706704329066	1664.4582951103232	3304
Ahall_FJVB01000001.1:2759674-2761367	Ahall_FJVB01000001.1	2759674	2761367	0.5458940894579267	407.23699073561335	746
Ahall_FJVB01000001.1:2761824-2764800	Ahall_FJVB01000001.1	2761824	2764800	0.5008176340827146	989.6156449474441	1976
Ahall_FJVB01000001.1:2766344-2768453	Ahall_FJVB01000001.1	2766344	2768453	0.5034330978780924	558.3073055468045	1109
Ahall_FJVB01000001.1:2768658-2773029	Ahall_FJVB01000001.1	2768658	2773029	0.4994664032696531	1683.7012454220005	3371
Ahall_FJVB01000001.1:2773024-2778497	Ahall_FJVB01000001.1	2773024	2778497	0.5015505319059809	2273.0270105979052	4532
Ahall_FJVB01000001.1:2777939-2780769	Ahall_FJVB01000001.1	2777939	2780769	0.5420437153679807	1023.3785346147475	1888
Ahall_FJVB01000001.1:2781250-2784579	Ahall_FJVB01000001.1	2781250	2784579	0.511742685746281	1205.1540249324917	2355
Ahall_FJVB01000001.1:2784054-2787597	Ahall_FJVB01000001.1	2784054	2787597	0.49719990517699925	1504.5269130655997	3026
Ahall_FJVB01000001.1:2786640-2790359	Ahall_FJVB01000001.1	2786640	2790359	0.4978001990113498	1636.7670543493182	3288
Ahall_FJVB01000001.1:2789748-2793669	Ahall_FJVB01000001.1	2789748	2793669	0.5149155994173509	1561.224097433408	3032
Ahall_FJVB01000001.1:2793224-2794926	Ahall_FJVB01000001.1	2793224	2794926	0.47951398765108577	553.838655737004	1155
Ahall_FJVB01000001.1:2793974-2797748	Ahall_FJVB01000001.1	2793974	2797748	0.5032938968537172	2060.9885076159717	4095
Ahall_FJVB01000001.1:2796025-2797589	Ahall_FJVB01000001.1	2796025	2797589	0.5230609602940655	1011.0768362484285	1933
Ahall_FJVB01000001.1:2796944-2800144	Ahall_FJVB01000001.1	2796944	2800144	0.5080761071886872	1345.8936079428324	2649
Ahall_FJVB01000001.1:2801213-2804299	Ahall_FJVB01000001.1	2801213	2804299	0.5131803191305403	1059.2041786854352	2064
Ahall_FJVB01000001.1:2804613-2808906	Ahall_FJVB01000001.1	2804613	2808906	0.526384197222798	1803.9186438825286	3427
Ahall_FJVB01000001.1:280273-283979	Ahall_FJVB01000001.1	280273	283979	0.5103378834080136	1380.9743125020848	2706
Ahall_FJVB01000001.1:2808273-2812325	Ahall_FJVB01000001.1	2808273	2812325	0.4837819149425118	1540.8453990919002	3185
Ahall_FJVB01000001.1:2812063-2814707	Ahall_FJVB01000001.1	2812063	2814707	0.5121633476243295	957.2332967098719	1869
Ahall_FJVB01000001.1:2813983-2816559	Ahall_FJVB01000001.1	2813983	2816559	0.5167256844533259	1135.246328743957	2197
Ahall_FJVB01000001.1:2815663-2819237	Ahall_FJVB01000001.1	2815663	2819237	0.5041109034902652	1570.3054643721762	3115
Ahall_FJVB01000001.1:2818593-2821765	Ahall_FJVB01000001.1	2818593	2821765	0.5258965763577654	1303.6976127909004	2479
Ahall_FJVB01000001.1:2821103-2824378	Ahall_FJVB01000001.1	2821103	2824378	0.4951308411345206	1206.6338598448267	2437
Ahall_FJVB01000001.1:2823893-2827134	Ahall_FJVB01000001.1	2823893	2827134	0.48503947343005477	1086.9734599567528	2241
Ahall_FJVB01000001.1:2827413-2830276	Ahall_FJVB01000001.1	2827413	2830276	0.4864626629281878	1054.164590565383	2167
Ahall_FJVB01000001.1:2829473-2831298	Ahall_FJVB01000001.1	2829473	2831298	0.5039352189557863	568.438926982127	1128
Ahall_FJVB01000001.1:2834733-2837672	Ahall_FJVB01000001.1	2834733	2837672	0.5070196998511238	983.1111980113291	1939
Ahall_FJVB01000001.1:2837683-2847473	Ahall_FJVB01000001.1	2837683	2847473	0.49459071091644086	4412.243732085569	8921
Ahall_FJVB01000001.1:283713-286818	Ahall_FJVB01000001.1	283713	286818	0.517183889218221	1088.6720868043553	2105
Ahall_FJVB01000001.1:2846843-2850260	Ahall_FJVB01000001.1	2846843	2850260	0.5057834971856848	1481.439863256871	2929
Ahall_FJVB01000001.1:2849379-2854278	Ahall_FJVB01000001.1	2849379	2854278	0.5415536690147488	2317.849703383125	4280
Ahall_FJVB01000001.1:2855093-2862097	Ahall_FJVB01000001.1	2855093	2862097	0.5044658257854817	3028.8128180160325	6004
Ahall_FJVB01000001.1:2863213-2877370	Ahall_FJVB01000001.1	2863213	2877370	0.5255756630690585	6965.454262654232	13253
Ahall_FJVB01000001.1:28156-31606	Ahall_FJVB01000001.1	28156	31606	0.4867334773781025	1426.1290887178404	2930
Ahall_FJVB01000001.1:2876728-2879708	Ahall_FJVB01000001.1	2876728	2879708	0.5352793264830404	1176.5439596097228	2198
Ahall_FJVB01000001.1:2879133-2883180	Ahall_FJVB01000001.1	2879133	2883180	0.48119685926051253	1731.8274964785846	3599
Ahall_FJVB01000001.1:2882204-2884868	Ahall_FJVB01000001.1	2882204	2884868	0.4726056281910556	1011.376044328859	2140
Ahall_FJVB01000001.1:2888033-2895422	Ahall_FJVB01000001.1	2888033	2895422	0.5086509932501052	3249.771195874922	6389
Ahall_FJVB01000001.1:2895963-2900731	Ahall_FJVB01000001.1	2895963	2900731	0.5161162377370451	2062.916602234969	3997
Ahall_FJVB01000001.1:2900003-2901372	Ahall_FJVB01000001.1	2900003	2901372	0.533978193485768	435.72620588438673	816
Ahall_FJVB01000001.1:2900654-2904578	Ahall_FJVB01000001.1	2900654	2904578	0.5091915182416907	1599.8797503153924	3142
Ahall_FJVB01000001.1:2904173-2906797	Ahall_FJVB01000001.1	2904173	2906797	0.5028841526728346	816.6838639406833	1624
Ahall_FJVB01000001.1:2907143-2910622	Ahall_FJVB01000001.1	2907143	2910622	0.5403049994368119	1603.0849333290207	2967
Ahall_FJVB01000001.1:2909635-2911888	Ahall_FJVB01000001.1	2909635	2911888	0.5177080011290077	1095.4701303889804	2116
Ahall_FJVB01000001.1:2911013-2914712	Ahall_FJVB01000001.1	2911013	2914712	0.497521874782662	1527.889677457555	3071
Ahall_FJVB01000001.1:290783-293750	Ahall_FJVB01000001.1	290783	293750	0.43671101455795447	897.4411349165964	2055
Ahall_FJVB01000001.1:2914653-2920493	Ahall_FJVB01000001.1	2914653	2920493	0.4986888632812123	2413.6540982810675	4840
Ahall_FJVB01000001.1:2920923-2926918	Ahall_FJVB01000001.1	2920923	2926918	0.5201092796071515	2597.9458516377217	4995
Ahall_FJVB01000001.1:2932843-2936253	Ahall_FJVB01000001.1	2932843	2936253	0.4682345310163553	1238.4803345382597	2645
Ahall_FJVB01000001.1:2935519-2939858	Ahall_FJVB01000001.1	2935519	2939858	0.498666295606096	1781.734674200581	3573
Ahall_FJVB01000001.1:293163-295663	Ahall_FJVB01000001.1	293163	295663	0.44737659731394047	708.6445301452817	1584
Ahall_FJVB01000001.1:2943423-2947062	Ahall_FJVB01000001.1	2943423	2947062	0.4926615095626402	1334.6200294051923	2709
Ahall_FJVB01000001.1:2946493-2949124	Ahall_FJVB01000001.1	2946493	2949124	0.4864934837939302	827.0389224496813	1700
Ahall_FJVB01000001.1:2950763-2952398	Ahall_FJVB01000001.1	2950763	2952398	0.46058127607382265	292.4691103068774	635
Ahall_FJVB01000001.1:2956313-2958109	Ahall_FJVB01000001.1	2956313	2958109	0.4792468349854136	381.48048064838923	796
Ahall_FJVB01000001.1:296113-298257	Ahall_FJVB01000001.1	296113	298257	0.4395696502267013	502.8676798593463	1144
Ahall_FJVB01000001.1:2968110-2969912	Ahall_FJVB01000001.1	2968110	2969912	0.38600156856006324	309.5732579851707	802
Ahall_FJVB01000001.1:2969550-2972835	Ahall_FJVB01000001.1	2969550	2972835	0.44990003826821123	1028.0215874428627	2285
Ahall_FJVB01000001.1:2972370-2974062	Ahall_FJVB01000001.1	2972370	2974062	0.4828685615830079	334.14504461544146	692
Ahall_FJVB01000001.1:2979330-2984912	Ahall_FJVB01000001.1	2979330	2984912	0.4414944212774381	2022.9274382932215	4582
Ahall_FJVB01000001.1:2986932-2990915	Ahall_FJVB01000001.1	2986932	2990915	0.5044368980217047	1504.735266798745	2983
Ahall_FJVB01000001.1:2993700-2997397	Ahall_FJVB01000001.1	2993700	2997397	0.508560749362804	1594.3379492523907	3135
Ahall_FJVB01000001.1:2996460-3001505	Ahall_FJVB01000001.1	2996460	3001505	0.48897546337875436	2310.4090644646144	4725
Ahall_FJVB01000001.1:3000760-3003416	Ahall_FJVB01000001.1	3000760	3003416	0.4917143369094763	933.273811454186	1898
Ahall_FJVB01000001.1:3005470-3009440	Ahall_FJVB01000001.1	3005470	3009440	0.5197374149716957	1542.0609102210212	2967
Ahall_FJVB01000001.1:3012870-3014824	Ahall_FJVB01000001.1	3012870	3014824	0.36911571863054393	343.27761832640584	930
Ahall_FJVB01000001.1:3023530-3027379	Ahall_FJVB01000001.1	3023530	3027379	0.44001155216934545	1434.8776716242355	3261
Ahall_FJVB01000001.1:3026463-3027875	Ahall_FJVB01000001.1	3026463	3027875	0.45786518805102366	379.1123757062476	828
Ahall_FJVB01000001.1:3028070-3030613	Ahall_FJVB01000001.1	3028070	3030613	0.45106135930024255	691.928125166572	1534
Ahall_FJVB01000001.1:3035500-3038644	Ahall_FJVB01000001.1	3035500	3038644	0.46441351648255297	1207.0107293381552	2599
Ahall_FJVB01000001.1:3037690-3039735	Ahall_FJVB01000001.1	3037690	3039735	0.4411585287595329	661.2966346105397	1499
Ahall_FJVB01000001.1:3045099-3047615	Ahall_FJVB01000001.1	3045099	3047615	0.4792467040494456	726.5380033389595	1516
Ahall_FJVB01000001.1:304063-307068	Ahall_FJVB01000001.1	304063	307068	0.43000442439355263	862.158870909073	2005
Ahall_FJVB01000001.1:3050560-3059956	Ahall_FJVB01000001.1	3050560	3059956	0.49951991686269853	4193.969221979217	8396
Ahall_FJVB01000001.1:3059459-3064625	Ahall_FJVB01000001.1	3059459	3064625	0.5181204671226077	2222.2186834888644	4289
Ahall_FJVB01000001.1:3064000-3069954	Ahall_FJVB01000001.1	3064000	3069954	0.5050792287216674	2645.099920815372	5237
Ahall_FJVB01000001.1:3069105-3071165	Ahall_FJVB01000001.1	3069105	3071165	0.5146547247604216	877.4863057165188	1705
Ahall_FJVB01000001.1:3070370-3072198	Ahall_FJVB01000001.1	3070370	3072198	0.4983476904290979	559.6444563518769	1123
Ahall_FJVB01000001.1:3072012-3084935	Ahall_FJVB01000001.1	3072012	3084935	0.5192078171485903	6264.242313897743	12065
Ahall_FJVB01000001.1:307024-316248	Ahall_FJVB01000001.1	307024	316248	0.4924339206169894	4049.7765631541206	8224
Ahall_FJVB01000001.1:3084220-3087599	Ahall_FJVB01000001.1	3084220	3087599	0.5034056108676503	1305.834154590685	2594
Ahall_FJVB01000001.1:3088616-3090985	Ahall_FJVB01000001.1	3088616	3090985	0.4628567555255233	633.6508983144414	1369
Ahall_FJVB01000001.1:3099990-3106984	Ahall_FJVB01000001.1	3099990	3106984	0.49506613982774117	2967.4264421274806	5994
Ahall_FJVB01000001.1:3107185-3108895	Ahall_FJVB01000001.1	3107185	3108895	0.4699578426973749	333.6700683151362	710
Ahall_FJVB01000001.1:30627-33181	Ahall_FJVB01000001.1	30627	33181	0.46686996828546773	949.1466455243559	2033
Ahall_FJVB01000001.1:3114870-3116784	Ahall_FJVB01000001.1	3114870	3116784	0.44491187444218316	406.6494532401554	914
Ahall_FJVB01000001.1:3120117-3125818	Ahall_FJVB01000001.1	3120117	3125818	0.485880124005889	2284.122462951684	4701
Ahall_FJVB01000001.1:3126333-3130865	Ahall_FJVB01000001.1	3126333	3130865	0.5067013791295423	1789.6692710855434	3532
Ahall_FJVB01000001.1:3131303-3133597	Ahall_FJVB01000001.1	3131303	3133597	0.49940139765560737	806.0338558161503	1614
Ahall_FJVB01000001.1:3132778-3135958	Ahall_FJVB01000001.1	3132778	3135958	0.5172926750573705	1292.7143949683689	2499
Ahall_FJVB01000001.1:3136713-3147994	Ahall_FJVB01000001.1	3136713	3147994	0.5110978609253084	5460.05844826507	10683
Ahall_FJVB01000001.1:3147093-3151388	Ahall_FJVB01000001.1	3147093	3151388	0.4907171719540668	1813.6906675422308	3696
Ahall_FJVB01000001.1:3169595-3171558	Ahall_FJVB01000001.1	3169595	3171558	0.46007451777576414	443.0517606180609	963
Ahall_FJVB01000001.1:3174359-3180718	Ahall_FJVB01000001.1	3174359	3180718	0.5198547414827422	2818.6524083194286	5422
Ahall_FJVB01000001.1:3180156-3184148	Ahall_FJVB01000001.1	3180156	3184148	0.5262815260129814	1607.2637804436451	3054
Ahall_FJVB01000001.1:3184355-3188328	Ahall_FJVB01000001.1	3184355	3188328	0.4796271528436993	1425.9315254043179	2973
Ahall_FJVB01000001.1:3188083-3194328	Ahall_FJVB01000001.1	3188083	3194328	0.4711708575393321	2471.291147793797	5245
Ahall_FJVB01000001.1:319983-325771	Ahall_FJVB01000001.1	319983	325771	0.4992999403370327	2390.6481143337123	4788
Ahall_FJVB01000001.1:3211773-3213994	Ahall_FJVB01000001.1	3211773	3213994	0.47766340327066004	583.2270153934759	1221
Ahall_FJVB01000001.1:3214894-3219258	Ahall_FJVB01000001.1	3214894	3219258	0.4734926585425615	1592.829303337177	3364
Ahall_FJVB01000001.1:3219361-3232288	Ahall_FJVB01000001.1	3219361	3232288	0.5188324474686475	6250.374494654797	12047
Ahall_FJVB01000001.1:3231669-3234128	Ahall_FJVB01000001.1	3231669	3234128	0.5001342028063256	877.2353917222952	1754
Ahall_FJVB01000001.1:3233453-3236528	Ahall_FJVB01000001.1	3233453	3236528	0.5002309074877921	1138.5255454422147	2276
Ahall_FJVB01000001.1:3236003-3240488	Ahall_FJVB01000001.1	3236003	3240488	0.489262383590554	1717.3109664028445	3510
Ahall_FJVB01000001.1:3242248-3246358	Ahall_FJVB01000001.1	3242248	3246358	0.4955507711530029	1541.162898285839	3110
Ahall_FJVB01000001.1:3247641-3249338	Ahall_FJVB01000001.1	3247641	3249338	0.4577861317459303	319.07693382691343	697
Ahall_FJVB01000001.1:3249783-3254137	Ahall_FJVB01000001.1	3249783	3254137	0.5181003807158308	1808.1703286982493	3490
Ahall_FJVB01000001.1:3253502-3262738	Ahall_FJVB01000001.1	3253502	3262738	0.4854470299492445	4058.337170375684	8360
Ahall_FJVB01000001.1:325363-328573	Ahall_FJVB01000001.1	325363	328573	0.499611767359662	1104.142005864853	2210
Ahall_FJVB01000001.1:3264804-3269308	Ahall_FJVB01000001.1	3264804	3269308	0.49704982366112144	1741.6625821085695	3504
Ahall_FJVB01000001.1:3269124-3276168	Ahall_FJVB01000001.1	3269124	3276168	0.4817656740383213	2911.791733887614	6044
Ahall_FJVB01000001.1:3276263-3279530	Ahall_FJVB01000001.1	3276263	3279530	0.4954861160848005	1265.9670265966652	2555
Ahall_FJVB01000001.1:3278743-3281376	Ahall_FJVB01000001.1	3278743	3281376	0.5100353854466284	1142.4792634004477	2240
Ahall_FJVB01000001.1:3280557-3284178	Ahall_FJVB01000001.1	3280557	3284178	0.503771166093707	1549.096335738149	3075
Ahall_FJVB01000001.1:3283544-3286258	Ahall_FJVB01000001.1	3283544	3286258	0.5132071062400417	948.406732331597	1848
Ahall_FJVB01000001.1:3287563-3291080	Ahall_FJVB01000001.1	3287563	3291080	0.49627614167196765	1495.7762909993105	3014
Ahall_FJVB01000001.1:3290084-3293398	Ahall_FJVB01000001.1	3290084	3293398	0.5119501099347716	1438.5798089167083	2810
Ahall_FJVB01000001.1:3294550-3301488	Ahall_FJVB01000001.1	3294550	3301488	0.4905280579354301	2911.2840238467775	5935
Ahall_FJVB01000001.1:329433-332644	Ahall_FJVB01000001.1	329433	332644	0.5089681635204324	1125.328609543676	2211
Ahall_FJVB01000001.1:3305154-3308405	Ahall_FJVB01000001.1	3305154	3308405	0.5037126860805915	1133.8572563674115	2251
Ahall_FJVB01000001.1:3313890-3318717	Ahall_FJVB01000001.1	3313890	3318717	0.48132186261897475	2013.3693513351714	4183
Ahall_FJVB01000001.1:3317862-3319955	Ahall_FJVB01000001.1	3317862	3319955	0.4594029803034753	665.2155154794323	1448
Ahall_FJVB01000001.1:332333-335316	Ahall_FJVB01000001.1	332333	335316	0.504459728654058	1128.4764129991277	2237
Ahall_FJVB01000001.1:3328300-3330572	Ahall_FJVB01000001.1	3328300	3330572	0.48686291307198276	619.2896254275621	1272
Ahall_FJVB01000001.1:3330351-3334625	Ahall_FJVB01000001.1	3330351	3334625	0.4900074445901158	1604.2843735880392	3274
Ahall_FJVB01000001.1:3338730-3341610	Ahall_FJVB01000001.1	3338730	3341610	0.4963927164477726	1097.5242960660253	2211
Ahall_FJVB01000001.1:3340780-3345275	Ahall_FJVB01000001.1	3340780	3345275	0.5052686379799588	2056.9486252164124	4071
Ahall_FJVB01000001.1:32936-36980	Ahall_FJVB01000001.1	32936	36980	0.5179867179070232	1576.7515693089786	3044
Ahall_FJVB01000001.1:3344530-3349384	Ahall_FJVB01000001.1	3344530	3349384	0.5110089942918816	2336.844130896775	4573
Ahall_FJVB01000001.1:3348411-3353735	Ahall_FJVB01000001.1	3348411	3353735	0.5087927515830324	2440.6788293438062	4797
Ahall_FJVB01000001.1:334563-340563	Ahall_FJVB01000001.1	334563	340563	0.5072594366156375	2864.4940385685054	5647
Ahall_FJVB01000001.1:3354050-3356087	Ahall_FJVB01000001.1	3354050	3356087	0.4725628529911053	490.0476785517762	1037
Ahall_FJVB01000001.1:3355986-3358575	Ahall_FJVB01000001.1	3355986	3358575	0.509806787505618	810.082985346427	1589
Ahall_FJVB01000001.1:3364230-3367514	Ahall_FJVB01000001.1	3364230	3367514	0.5107140432836792	1166.4708748599232	2284
Ahall_FJVB01000001.1:3367700-3369373	Ahall_FJVB01000001.1	3367700	3369373	0.49961648225315825	331.74534421609707	664
Ahall_FJVB01000001.1:3379703-3382925	Ahall_FJVB01000001.1	3379703	3382925	0.47169934827400317	1212.7390244124622	2571
Ahall_FJVB01000001.1:3382077-3386745	Ahall_FJVB01000001.1	3382077	3386745	0.48507313947620495	1948.053728136439	4016
Ahall_FJVB01000001.1:3386903-3390545	Ahall_FJVB01000001.1	3386903	3390545	0.4927518709367881	1496.9801839059621	3038
Ahall_FJVB01000001.1:3389650-3396054	Ahall_FJVB01000001.1	3389650	3396054	0.49872214993823893	2892.0897474918474	5799
Ahall_FJVB01000001.1:3395840-3402804	Ahall_FJVB01000001.1	3395840	3402804	0.4726894882803006	2819.120108103713	5964
Ahall_FJVB01000001.1:339670-341238	Ahall_FJVB01000001.1	339670	341238	0.5132525551177957	686.2186661924928	1337
Ahall_FJVB01000001.1:340363-342165	Ahall_FJVB01000001.1	340363	342165	0.5007142934843422	820.1700127273524	1638
Ahall_FJVB01000001.1:3408175-3411195	Ahall_FJVB01000001.1	3408175	3411195	0.43727912811671943	883.3038387957732	2020
Ahall_FJVB01000001.1:3411696-3414295	Ahall_FJVB01000001.1	3411696	3414295	0.43451904663111673	694.7959555631556	1599
Ahall_FJVB01000001.1:341205-345468	Ahall_FJVB01000001.1	341205	345468	0.49674784729199833	1849.39223546811	3723
Ahall_FJVB01000001.1:3417805-3424805	Ahall_FJVB01000001.1	3417805	3424805	0.5516222612640341	3309.7335675842046	6000
Ahall_FJVB01000001.1:3428330-3435396	Ahall_FJVB01000001.1	3428330	3435396	0.46028322100335095	2933.845250675359	6374
Ahall_FJVB01000001.1:3434437-3439095	Ahall_FJVB01000001.1	3434437	3439095	0.5238789213203099	2077.179923035029	3965
Ahall_FJVB01000001.1:3440659-3444835	Ahall_FJVB01000001.1	3440659	3444835	0.5042835692678171	1583.9546910702138	3141
Ahall_FJVB01000001.1:3445070-3447578	Ahall_FJVB01000001.1	3445070	3447578	0.5338826314183871	805.0950081789277	1508
Ahall_FJVB01000001.1:3447350-3449958	Ahall_FJVB01000001.1	3447350	3449958	0.5111892061105422	979.4385189077988	1916
Ahall_FJVB01000001.1:3449151-3453395	Ahall_FJVB01000001.1	3449151	3453395	0.4959490786506732	1761.1151782885406	3551
Ahall_FJVB01000001.1:345098-346958	Ahall_FJVB01000001.1	345098	346958	0.5251078631293922	451.59276229127727	860
Ahall_FJVB01000001.1:3458572-3462265	Ahall_FJVB01000001.1	3458572	3462265	0.46487630651605727	1454.133086782227	3128
Ahall_FJVB01000001.1:3461331-3465495	Ahall_FJVB01000001.1	3461331	3465495	0.4325745230245998	1556.4031338425102	3598
Ahall_FJVB01000001.1:3470928-3472482	Ahall_FJVB01000001.1	3470928	3472482	0.4391794157038337	349.5868149002516	796
Ahall_FJVB01000001.1:3471722-3478232	Ahall_FJVB01000001.1	3471722	3478232	0.49741716205285635	2860.6460989659768	5751
Ahall_FJVB01000001.1:347194-352958	Ahall_FJVB01000001.1	347194	352958	0.4928313174572442	2347.848396366311	4764
Ahall_FJVB01000001.1:3478220-3482152	Ahall_FJVB01000001.1	3478220	3482152	0.5089338673936308	1492.1940991981255	2932
Ahall_FJVB01000001.1:3482297-3484731	Ahall_FJVB01000001.1	3482297	3484731	0.44120502833098557	632.6880106266333	1434
Ahall_FJVB01000001.1:3486268-3489622	Ahall_FJVB01000001.1	3486268	3489622	0.44989748226667176	1059.0586732557454	2354
Ahall_FJVB01000001.1:3490586-3493072	Ahall_FJVB01000001.1	3490586	3493072	0.5365459009119156	797.3072087551066	1486
Ahall_FJVB01000001.1:3495477-3499370	Ahall_FJVB01000001.1	3495477	3499370	0.5082067170912754	1558.6700013189416	3067
Ahall_FJVB01000001.1:3498697-3501327	Ahall_FJVB01000001.1	3498697	3501327	0.5006032695994637	1063.2813446292607	2124
Ahall_FJVB01000001.1:3500507-3502543	Ahall_FJVB01000001.1	3500507	3502543	0.4947387746246324	670.8657783910015	1356
Ahall_FJVB01000001.1:3502747-3506858	Ahall_FJVB01000001.1	3502747	3506858	0.5016511225801905	1646.9206354307653	3283
Ahall_FJVB01000001.1:3506187-3510822	Ahall_FJVB01000001.1	3506187	3510822	0.5256773048385955	2000.7278222156947	3806
Ahall_FJVB01000001.1:3016-10847	Ahall_FJVB01000001.1	3016	10847	0.538990212260784	3944.8693635366785	7319
Ahall_FJVB01000001.1:3517947-3520025	Ahall_FJVB01000001.1	3517947	3520025	0.4926223537730168	531.0468973673121	1078
Ahall_FJVB01000001.1:3520678-3524662	Ahall_FJVB01000001.1	3520678	3524662	0.4947873592418914	1476.4454799778039	2984
Ahall_FJVB01000001.1:3524897-3532223	Ahall_FJVB01000001.1	3524897	3532223	0.5151809662984338	3509.4127424249314	6812
Ahall_FJVB01000001.1:3531238-3534272	Ahall_FJVB01000001.1	3531238	3534272	0.5252165207638346	1501.0688163430393	2858
Ahall_FJVB01000001.1:3533434-3536012	Ahall_FJVB01000001.1	3533434	3536012	0.49559681837854525	949.5635040132927	1916
Ahall_FJVB01000001.1:3535596-3541202	Ahall_FJVB01000001.1	3535596	3541202	0.5118593727180504	2357.62427073934	4606
Ahall_FJVB01000001.1:353414-357758	Ahall_FJVB01000001.1	353414	357758	0.5116402578153705	1923.2557291279775	3759
Ahall_FJVB01000001.1:3540786-3542292	Ahall_FJVB01000001.1	3540786	3542292	0.4726650795434466	239.16853024898398	506
Ahall_FJVB01000001.1:3542107-3544951	Ahall_FJVB01000001.1	3542107	3544951	0.5046301653639459	930.5380249311162	1844
Ahall_FJVB01000001.1:3545047-3548667	Ahall_FJVB01000001.1	3545047	3548667	0.5132507795493579	1437.6154335177516	2801
Ahall_FJVB01000001.1:3547987-3551552	Ahall_FJVB01000001.1	3547987	3551552	0.5183506318812456	1560.7537525944306	3011
Ahall_FJVB01000001.1:3550787-3554858	Ahall_FJVB01000001.1	3550787	3554858	0.5015189354262033	1673.067168581814	3336
Ahall_FJVB01000001.1:3554417-3556251	Ahall_FJVB01000001.1	3554417	3556251	0.5338755372094768	469.27659720713007	879
Ahall_FJVB01000001.1:3555707-3557366	Ahall_FJVB01000001.1	3555707	3557366	0.5216435478582975	497.6479446568158	954
Ahall_FJVB01000001.1:3556616-3558712	Ahall_FJVB01000001.1	3556616	3558712	0.47106019768507035	634.0470260841047	1346
Ahall_FJVB01000001.1:3561767-3565170	Ahall_FJVB01000001.1	3561767	3565170	0.5256112583783905	1263.0438538832725	2403
Ahall_FJVB01000001.1:3564827-3566414	Ahall_FJVB01000001.1	3564827	3566414	0.47016155633901585	275.9848335710023	587
Ahall_FJVB01000001.1:3567837-3572174	Ahall_FJVB01000001.1	3567837	3572174	0.48240557322574756	1693.243562022374	3510
Ahall_FJVB01000001.1:3571502-3574932	Ahall_FJVB01000001.1	3571502	3574932	0.5070564178307941	1460.829539770518	2881
Ahall_FJVB01000001.1:356844-360398	Ahall_FJVB01000001.1	356844	360398	0.5117192884477034	1518.7828481127838	2968
Ahall_FJVB01000001.1:3574154-3579702	Ahall_FJVB01000001.1	3574154	3579702	0.5168414436936206	2647.778716042418	5123
Ahall_FJVB01000001.1:3578906-3582162	Ahall_FJVB01000001.1	3578906	3582162	0.48434905433610675	1236.0587866657445	2552
Ahall_FJVB01000001.1:3582361-3587322	Ahall_FJVB01000001.1	3582361	3587322	0.5050816995575089	2184.9834322857837	4326
Ahall_FJVB01000001.1:3586458-3588882	Ahall_FJVB01000001.1	3586458	3588882	0.4851200993241556	867.3947375915902	1788
Ahall_FJVB01000001.1:3593719-3600412	Ahall_FJVB01000001.1	3593719	3600412	0.4595941949495123	2616.4697518475737	5693
Ahall_FJVB01000001.1:3602917-3611620	Ahall_FJVB01000001.1	3602917	3611620	0.500329680931108	1793.6819061380222	3585
Ahall_FJVB01000001.1:360595-363759	Ahall_FJVB01000001.1	360595	363759	0.5266833957470929	1401.504516083014	2661
Ahall_FJVB01000001.1:3610737-3614706	Ahall_FJVB01000001.1	3610737	3614706	0.4719811825712223	1661.8457438332737	3521
Ahall_FJVB01000001.1:3614038-3615802	Ahall_FJVB01000001.1	3614038	3615802	0.4842645892841016	451.3345972127827	932
Ahall_FJVB01000001.1:3615441-3618042	Ahall_FJVB01000001.1	3615441	3618042	0.48889199968157426	782.7160914902004	1601
Ahall_FJVB01000001.1:3618640-3621212	Ahall_FJVB01000001.1	3618640	3621212	0.520011475833399	1018.1824696817953	1958
Ahall_FJVB01000001.1:3620327-3623442	Ahall_FJVB01000001.1	3620327	3623442	0.5068635018978096	1267.158754744524	2500
Ahall_FJVB01000001.1:3624027-3628484	Ahall_FJVB01000001.1	3624027	3628484	0.5033018297916783	1738.4045201004567	3454
Ahall_FJVB01000001.1:3630060-3633202	Ahall_FJVB01000001.1	3630060	3633202	0.4775589331602435	1022.9312348292416	2142
Ahall_FJVB01000001.1:362763-367070	Ahall_FJVB01000001.1	362763	367070	0.49116525157440644	2023.1096712349802	4119
Ahall_FJVB01000001.1:3636227-3637536	Ahall_FJVB01000001.1	3636227	3637536	0.4725300125679642	197.990075265977	419
Ahall_FJVB01000001.1:3636927-3639290	Ahall_FJVB01000001.1	3636927	3639290	0.47950876949739474	705.836908700165	1472
Ahall_FJVB01000001.1:3641027-3644763	Ahall_FJVB01000001.1	3641027	3644763	0.45409815457518227	1398.1682179369861	3079
Ahall_FJVB01000001.1:3643921-3646162	Ahall_FJVB01000001.1	3643921	3646162	0.48920898751845626	774.4178272417163	1583
Ahall_FJVB01000001.1:3649791-3653102	Ahall_FJVB01000001.1	3649791	3653102	0.5064878948470898	1170.4935249916246	2311
Ahall_FJVB01000001.1:3654227-3656471	Ahall_FJVB01000001.1	3654227	3656471	0.4279728607442839	532.3982387658892	1244
Ahall_FJVB01000001.1:3658825-3663206	Ahall_FJVB01000001.1	3658825	3663206	0.5264047719324972	1779.774533903773	3381
Ahall_FJVB01000001.1:3663455-3671936	Ahall_FJVB01000001.1	3663455	3671936	0.5149479660162338	3852.325733767445	7481
Ahall_FJVB01000001.1:366255-373013	Ahall_FJVB01000001.1	366255	373013	0.5092702750144312	3316.368030893976	6512
Ahall_FJVB01000001.1:3674181-3678066	Ahall_FJVB01000001.1	3674181	3678066	0.4917125472433494	1418.590698797063	2885
Ahall_FJVB01000001.1:3679141-3685523	Ahall_FJVB01000001.1	3679141	3685523	0.48593699745638075	2615.312920310241	5382
Ahall_FJVB01000001.1:3690731-3695048	Ahall_FJVB01000001.1	3690731	3695048	0.5366670210658858	2009.2813268706766	3744
Ahall_FJVB01000001.1:3694116-3696696	Ahall_FJVB01000001.1	3694116	3696696	0.5166361886980403	1039.4720116604572	2012
Ahall_FJVB01000001.1:3696941-3700644	Ahall_FJVB01000001.1	3696941	3700644	0.5073652915714182	1605.8111478235387	3165
Ahall_FJVB01000001.1:3699683-3704216	Ahall_FJVB01000001.1	3699683	3704216	0.48670377042338664	1982.8311607048772	4074
Ahall_FJVB01000001.1:3703637-3705506	Ahall_FJVB01000001.1	3703637	3705506	0.5003550789423836	474.3366148373797	948
Ahall_FJVB01000001.1:3705071-3706573	Ahall_FJVB01000001.1	3705071	3706573	0.4816016837225168	241.76404522870345	502
Ahall_FJVB01000001.1:3711211-3715752	Ahall_FJVB01000001.1	3711211	3715752	0.501183530375627	1890.965460107241	3773
Ahall_FJVB01000001.1:36632-38871	Ahall_FJVB01000001.1	36632	38871	0.508473200989737	629.9982960262842	1239
Ahall_FJVB01000001.1:3715021-3719536	Ahall_FJVB01000001.1	3715021	3719536	0.5129183933290058	1921.3923014104557	3746
Ahall_FJVB01000001.1:3719192-3722096	Ahall_FJVB01000001.1	3719192	3722096	0.4860164483472932	962.3125677276405	1980
Ahall_FJVB01000001.1:3721521-3723505	Ahall_FJVB01000001.1	3721521	3723505	0.5148479983264832	545.2240302277457	1059
Ahall_FJVB01000001.1:3723598-3726306	Ahall_FJVB01000001.1	3723598	3726306	0.4860255471674066	920.532386335068	1894
Ahall_FJVB01000001.1:372075-375550	Ahall_FJVB01000001.1	372075	375550	0.5167054312471423	1505.1629212229257	2913
Ahall_FJVB01000001.1:3725621-3728376	Ahall_FJVB01000001.1	3725621	3728376	0.4983660187017085	966.8300762813145	1940
Ahall_FJVB01000001.1:3734021-3736726	Ahall_FJVB01000001.1	3734021	3736726	0.49462792737657096	1045.643438474071	2114
Ahall_FJVB01000001.1:3735818-3739776	Ahall_FJVB01000001.1	3735818	3739776	0.4885433401442188	1644.4368829254404	3366
Ahall_FJVB01000001.1:3741381-3744906	Ahall_FJVB01000001.1	3741381	3744906	0.5109498005731791	1328.9804312908386	2601
Ahall_FJVB01000001.1:3744331-3750857	Ahall_FJVB01000001.1	3744331	3750857	0.5116751969319092	3073.632907969979	6007
Ahall_FJVB01000001.1:3749952-3753086	Ahall_FJVB01000001.1	3749952	3753086	0.4622299870608357	1207.3447262029028	2612
Ahall_FJVB01000001.1:3752514-3755666	Ahall_FJVB01000001.1	3752514	3755666	0.48726847551577124	1083.6850895470752	2224
Ahall_FJVB01000001.1:3765421-3768834	Ahall_FJVB01000001.1	3765421	3768834	0.499393421310605	1286.936846717429	2577
Ahall_FJVB01000001.1:3768171-3771821	Ahall_FJVB01000001.1	3768171	3771821	0.5128034576653862	1607.1260363233202	3134
Ahall_FJVB01000001.1:3771001-3775417	Ahall_FJVB01000001.1	3771001	3775417	0.4687493743312064	1751.2476625013871	3736
Ahall_FJVB01000001.1:3774969-3779946	Ahall_FJVB01000001.1	3774969	3779946	0.513934029712086	2042.37383407583	3974
Ahall_FJVB01000001.1:3788061-3789529	Ahall_FJVB01000001.1	3788061	3789529	0.45964560574577107	215.11414348902085	468
Ahall_FJVB01000001.1:3790611-3794095	Ahall_FJVB01000001.1	3790611	3794095	0.5050847729589286	1254.6305760299786	2484
Ahall_FJVB01000001.1:3795231-3798290	Ahall_FJVB01000001.1	3795231	3798290	0.49873246162558604	1182.9933989758902	2372
Ahall_FJVB01000001.1:3797478-3801436	Ahall_FJVB01000001.1	3797478	3801436	0.48556330072693044	1587.7919933770625	3270
Ahall_FJVB01000001.1:379345-382721	Ahall_FJVB01000001.1	379345	382721	0.522749653887634	1431.2885523443417	2738
Ahall_FJVB01000001.1:3802571-3810504	Ahall_FJVB01000001.1	3802571	3810504	0.5064105761943517	3686.162584118686	7279
Ahall_FJVB01000001.1:3809656-3814826	Ahall_FJVB01000001.1	3809656	3814826	0.4911016133184547	2262.5051325581207	4607
Ahall_FJVB01000001.1:3814238-3816806	Ahall_FJVB01000001.1	3814238	3816806	0.46874587760676734	776.2431733168067	1656
Ahall_FJVB01000001.1:3820861-3823932	Ahall_FJVB01000001.1	3820861	3823932	0.4560813402518462	944.5444556615735	2071
Ahall_FJVB01000001.1:381860-385290	Ahall_FJVB01000001.1	381860	385290	0.48415147641863554	1351.2667706844118	2791
Ahall_FJVB01000001.1:3827781-3829530	Ahall_FJVB01000001.1	3827781	3829530	0.45422024498637376	340.21096349479393	749
Ahall_FJVB01000001.1:3834012-3836245	Ahall_FJVB01000001.1	3834012	3836245	0.4757585825115788	586.6103322367767	1233
Ahall_FJVB01000001.1:3835822-3839187	Ahall_FJVB01000001.1	3835822	3839187	0.5118136555383842	1210.4392953482786	2365
Ahall_FJVB01000001.1:3840112-3843667	Ahall_FJVB01000001.1	3840112	3843667	0.503801303461905	1518.9609299376436	3015
Ahall_FJVB01000001.1:3842708-3846087	Ahall_FJVB01000001.1	3842708	3846087	0.4963334584642879	1408.594355121649	2838
Ahall_FJVB01000001.1:3846232-3849279	Ahall_FJVB01000001.1	3846232	3849279	0.5067987386415688	1037.4170179992914	2047
Ahall_FJVB01000001.1:3850952-3854954	Ahall_FJVB01000001.1	3850952	3854954	0.49651363636017937	1490.5339363532585	3002
Ahall_FJVB01000001.1:3854521-3857837	Ahall_FJVB01000001.1	3854521	3857837	0.4981950954369603	1268.9029080779378	2547
Ahall_FJVB01000001.1:3857107-3868037	Ahall_FJVB01000001.1	3857107	3868037	0.5029314711310102	5276.254063635429	10491
Ahall_FJVB01000001.1:385275-389345	Ahall_FJVB01000001.1	385275	389345	0.5024760008087644	1542.6013224829069	3070
Ahall_FJVB01000001.1:3867207-3871627	Ahall_FJVB01000001.1	3867207	3871627	0.5296861187570324	1986.3229453388715	3750
Ahall_FJVB01000001.1:3874462-3877079	Ahall_FJVB01000001.1	3874462	3877079	0.5000911644822377	808.6474129677783	1617
Ahall_FJVB01000001.1:3878722-3882656	Ahall_FJVB01000001.1	3878722	3882656	0.4626239256148915	1432.2836737037042	3096
Ahall_FJVB01000001.1:3881992-3883811	Ahall_FJVB01000001.1	3881992	3883811	0.4738064665828989	664.7504726158071	1403
Ahall_FJVB01000001.1:3882892-3884416	Ahall_FJVB01000001.1	3882892	3884416	0.4716913659233819	444.80495806574913	943
Ahall_FJVB01000001.1:3887050-3890357	Ahall_FJVB01000001.1	3887050	3890357	0.49739619729517404	1189.2743077327611	2391
Ahall_FJVB01000001.1:3889762-3893376	Ahall_FJVB01000001.1	3889762	3893376	0.49340008760197207	1336.6208373137424	2709
Ahall_FJVB01000001.1:3893342-3895736	Ahall_FJVB01000001.1	3893342	3895736	0.4696644635803519	654.7122622310105	1394
Ahall_FJVB01000001.1:388935-391829	Ahall_FJVB01000001.1	388935	391829	0.5111944023360664	968.2021980245098	1894
Ahall_FJVB01000001.1:3897982-3901803	Ahall_FJVB01000001.1	3897982	3901803	0.49367697871185867	1477.0815203058812	2992
Ahall_FJVB01000001.1:3901133-3905487	Ahall_FJVB01000001.1	3901133	3905487	0.5387936260390205	1885.7776911365715	3500
Ahall_FJVB01000001.1:3906872-3917141	Ahall_FJVB01000001.1	3906872	3917141	0.5069515918550411	4682.711853965015	9237
Ahall_FJVB01000001.1:3918462-3926506	Ahall_FJVB01000001.1	3918462	3926506	0.5137802796669748	3600.5721999061598	7008
Ahall_FJVB01000001.1:3926512-3929806	Ahall_FJVB01000001.1	3926512	3929806	0.5086010701818291	1118.4137533298422	2199
Ahall_FJVB01000001.1:392475-394992	Ahall_FJVB01000001.1	392475	394992	0.4907758475082213	817.1417861011885	1665
Ahall_FJVB01000001.1:3930702-3932669	Ahall_FJVB01000001.1	3930702	3932669	0.507966654354534	661.3725839696033	1302
Ahall_FJVB01000001.1:3936585-3938297	Ahall_FJVB01000001.1	3936585	3938297	0.5187487127310543	369.3490834645106	712
Ahall_FJVB01000001.1:3940432-3942677	Ahall_FJVB01000001.1	3940432	3942677	0.5185551450880969	645.6011556346806	1245
Ahall_FJVB01000001.1:3942582-3945339	Ahall_FJVB01000001.1	3942582	3945339	0.4608520654842354	809.7170790558016	1757
Ahall_FJVB01000001.1:3944882-3950427	Ahall_FJVB01000001.1	3944882	3950427	0.48682472340533745	2212.6183678772586	4545
Ahall_FJVB01000001.1:394345-399973	Ahall_FJVB01000001.1	394345	399973	0.45315162352272764	2163.7990023210245	4775
Ahall_FJVB01000001.1:3950472-3952302	Ahall_FJVB01000001.1	3950472	3952302	0.4941009936001434	489.65408465774215	991
Ahall_FJVB01000001.1:3951642-3954235	Ahall_FJVB01000001.1	3951642	3954235	0.502560669350167	880.9888533708427	1753
Ahall_FJVB01000001.1:3957782-3960394	Ahall_FJVB01000001.1	3957782	3960394	0.5633489678903231	899.1049527529556	1596
Ahall_FJVB01000001.1:3960122-3964259	Ahall_FJVB01000001.1	3960122	3964259	0.5080272801471319	1593.6815778215528	3137
Ahall_FJVB01000001.1:3963841-3967147	Ahall_FJVB01000001.1	3963841	3967147	0.4771676174457714	1107.5060400916354	2321
Ahall_FJVB01000001.1:3966633-3971877	Ahall_FJVB01000001.1	3966633	3971877	0.5056559119848415	2153.0828732314553	4258
Ahall_FJVB01000001.1:3972012-3975038	Ahall_FJVB01000001.1	3972012	3975038	0.4814360711909694	1069.269514115143	2221
Ahall_FJVB01000001.1:3974344-3977517	Ahall_FJVB01000001.1	3974344	3977517	0.48639171518522517	1151.289189843428	2367
Ahall_FJVB01000001.1:3982413-3985507	Ahall_FJVB01000001.1	3982413	3985507	0.48835045618180056	1125.6478014990503	2305
Ahall_FJVB01000001.1:3984797-3989677	Ahall_FJVB01000001.1	3984797	3989677	0.45929779967067497	1878.5280006530606	4090
Ahall_FJVB01000001.1:3992226-3993957	Ahall_FJVB01000001.1	3992226	3993957	0.4825548632805683	352.7476050580954	731
Ahall_FJVB01000001.1:4004229-4006418	Ahall_FJVB01000001.1	4004229	4006418	0.44206368136882307	708.1860175528545	1602
Ahall_FJVB01000001.1:4005506-4008394	Ahall_FJVB01000001.1	4005506	4008394	0.4738885575836731	1089.943682442448	2300
Ahall_FJVB01000001.1:4039049-4040875	Ahall_FJVB01000001.1	4039049	4040875	0.45330695088376627	374.43154142999094	826
Ahall_FJVB01000001.1:4041168-4043404	Ahall_FJVB01000001.1	4041168	4043404	0.5007815223047007	843.8168650834208	1685
Ahall_FJVB01000001.1:4042456-4045814	Ahall_FJVB01000001.1	4042456	4045814	0.49481414254008255	1502.2557367516906	3036
Ahall_FJVB01000001.1:4045085-4048684	Ahall_FJVB01000001.1	4045085	4048684	0.5001898788982063	1414.5369775241275	2828
Ahall_FJVB01000001.1:4050099-4052866	Ahall_FJVB01000001.1	4050099	4052866	0.5045979559044702	973.8740548956275	1930
Ahall_FJVB01000001.1:4052204-4054634	Ahall_FJVB01000001.1	4052204	4054634	0.5082264293967513	809.0964755996281	1592
Ahall_FJVB01000001.1:4054339-4058074	Ahall_FJVB01000001.1	4054339	4058074	0.48547051945040376	1408.3499769256214	2901
Ahall_FJVB01000001.1:4057409-4060560	Ahall_FJVB01000001.1	4057409	4060560	0.5134262086403454	1189.09509921104	2316
Ahall_FJVB01000001.1:4060099-4064456	Ahall_FJVB01000001.1	4060099	4064456	0.49081322222408597	1813.0640428957736	3694
Ahall_FJVB01000001.1:4063620-4072154	Ahall_FJVB01000001.1	4063620	4072154	0.5196931568763811	4295.783634740166	8266
Ahall_FJVB01000001.1:4071259-4075042	Ahall_FJVB01000001.1	4071259	4075042	0.4854206152673623	1542.6667153196775	3178
Ahall_FJVB01000001.1:4074678-4078684	Ahall_FJVB01000001.1	4074678	4078684	0.5187844896151163	1687.087160228358	3252
Ahall_FJVB01000001.1:4077939-4081407	Ahall_FJVB01000001.1	4077939	4081407	0.5203637787073511	1586.068797500006	3048
Ahall_FJVB01000001.1:4080573-4088904	Ahall_FJVB01000001.1	4080573	4088904	0.49385955072253057	3926.6772877948406	7951
Ahall_FJVB01000001.1:407978-411020	Ahall_FJVB01000001.1	407978	411020	0.47555862034861646	971.0907027518748	2042
Ahall_FJVB01000001.1:4088119-4091284	Ahall_FJVB01000001.1	4088119	4091284	0.506577154338102	1374.8503968736088	2714
Ahall_FJVB01000001.1:4090521-4093564	Ahall_FJVB01000001.1	4090521	4093564	0.49986992828835203	1152.7000546329398	2306
Ahall_FJVB01000001.1:4095569-4098242	Ahall_FJVB01000001.1	4095569	4098242	0.5063383236519947	980.7773329139138	1937
Ahall_FJVB01000001.1:4097479-4103232	Ahall_FJVB01000001.1	4097479	4103232	0.5057561904236267	2778.118753996982	5493
Ahall_FJVB01000001.1:4102256-4105274	Ahall_FJVB01000001.1	4102256	4105274	0.5113793550490044	1295.8352856941772	2534
Ahall_FJVB01000001.1:4104735-4108154	Ahall_FJVB01000001.1	4104735	4108154	0.5103157282675101	1328.351840680329	2603
Ahall_FJVB01000001.1:4107510-4111094	Ahall_FJVB01000001.1	4107510	4111094	0.5025431696588376	1469.4362280824412	2924
Ahall_FJVB01000001.1:4110399-4114003	Ahall_FJVB01000001.1	4110399	4114003	0.49497659303493874	1443.3517452898814	2916
Ahall_FJVB01000001.1:4113387-4115984	Ahall_FJVB01000001.1	4113387	4115984	0.5002694457061493	1065.573919354098	2130
Ahall_FJVB01000001.1:4115068-4117824	Ahall_FJVB01000001.1	4115068	4117824	0.5194698485542878	1333.998571087411	2568
Ahall_FJVB01000001.1:4116929-4120504	Ahall_FJVB01000001.1	4116929	4120504	0.5161836220270503	1533.0653574203393	2970
Ahall_FJVB01000001.1:4122139-4124933	Ahall_FJVB01000001.1	4122139	4124933	0.48700638648578615	1083.5892099308742	2225
Ahall_FJVB01000001.1:4124003-4127474	Ahall_FJVB01000001.1	4124003	4127474	0.4603703310863883	1531.652091524414	3327
Ahall_FJVB01000001.1:4126549-4130004	Ahall_FJVB01000001.1	4126549	4130004	0.4659682421280047	1341.9885373286536	2880
Ahall_FJVB01000001.1:4129836-4138824	Ahall_FJVB01000001.1	4129836	4138824	0.4628252378232236	1522.2322072005825	3289
Ahall_FJVB01000001.1:4138344-4141804	Ahall_FJVB01000001.1	4138344	4141804	0.462840341366624	1138.587239761895	2460
Ahall_FJVB01000001.1:4143157-4146774	Ahall_FJVB01000001.1	4143157	4146774	0.5077509687795725	1457.7530313661525	2871
Ahall_FJVB01000001.1:4146021-4160834	Ahall_FJVB01000001.1	4146021	4160834	0.5113609860777546	7192.803630169697	14066
Ahall_FJVB01000001.1:4162129-4166053	Ahall_FJVB01000001.1	4162129	4166053	0.5120022371779924	1497.09454150845	2924
Ahall_FJVB01000001.1:4168776-4173574	Ahall_FJVB01000001.1	4168776	4173574	0.5217292174029453	1964.832232739492	3766
Ahall_FJVB01000001.1:416526-418880	Ahall_FJVB01000001.1	416526	418880	0.4681112041034459	725.5723663603412	1550
Ahall_FJVB01000001.1:4178599-4181495	Ahall_FJVB01000001.1	4178599	4181495	0.454799956594412	862.3007177030051	1896
Ahall_FJVB01000001.1:4186130-4187996	Ahall_FJVB01000001.1	4186130	4187996	0.49213167345312137	426.1860292104031	866
Ahall_FJVB01000001.1:418185-424259	Ahall_FJVB01000001.1	418185	424259	0.498433924810554	2626.248349826809	5269
Ahall_FJVB01000001.1:4191740-4195524	Ahall_FJVB01000001.1	4191740	4195524	0.4964929417124233	1610.6231029151013	3244
Ahall_FJVB01000001.1:4194562-4197605	Ahall_FJVB01000001.1	4194562	4197605	0.4943915986231634	1238.4509545510243	2505
Ahall_FJVB01000001.1:4197580-4200942	Ahall_FJVB01000001.1	4197580	4200942	0.4971575370797129	1394.5268915085946	2805
Ahall_FJVB01000001.1:4200000-4202813	Ahall_FJVB01000001.1	4200000	4202813	0.5088372314917243	1200.3470290889777	2359
Ahall_FJVB01000001.1:4202210-4206158	Ahall_FJVB01000001.1	4202210	4206158	0.4921395719812752	1548.763233025073	3147
Ahall_FJVB01000001.1:4205560-4209269	Ahall_FJVB01000001.1	4205560	4209269	0.5056106173691146	1376.777711096099	2723
Ahall_FJVB01000001.1:4208462-4212365	Ahall_FJVB01000001.1	4208462	4212365	0.5116642007478691	1788.7780458145503	3496
Ahall_FJVB01000001.1:41616-43950	Ahall_FJVB01000001.1	41616	43950	0.4752473371111409	633.979947706262	1334
Ahall_FJVB01000001.1:4211580-4215771	Ahall_FJVB01000001.1	4211580	4215771	0.5048382936196559	1754.817908621924	3476
Ahall_FJVB01000001.1:4216811-4218465	Ahall_FJVB01000001.1	4216811	4218465	0.49316445913469237	322.5295562740888	654
Ahall_FJVB01000001.1:4219590-4221261	Ahall_FJVB01000001.1	4219590	4221261	0.5158978543205833	346.1674602491114	671
Ahall_FJVB01000001.1:4222440-4227523	Ahall_FJVB01000001.1	4222440	4227523	0.5080184341805065	2281.510787904655	4491
Ahall_FJVB01000001.1:4226616-4229005	Ahall_FJVB01000001.1	4226616	4229005	0.5028740638626317	903.1618186972864	1796
Ahall_FJVB01000001.1:4229260-4231227	Ahall_FJVB01000001.1	4229260	4231227	0.49823853635379434	478.3089948996426	960
Ahall_FJVB01000001.1:4232451-4239325	Ahall_FJVB01000001.1	4232451	4239325	0.5353703884117202	3144.765661530445	5874
Ahall_FJVB01000001.1:4239160-4242183	Ahall_FJVB01000001.1	4239160	4242183	0.4945291970020013	1221.4871165949432	2470
Ahall_FJVB01000001.1:4241237-4242795	Ahall_FJVB01000001.1	4241237	4242795	0.4814447860634155	664.3938047675134	1380
Ahall_FJVB01000001.1:4241920-4245069	Ahall_FJVB01000001.1	4241920	4245069	0.49002099237508734	1236.8129847547204	2524
Ahall_FJVB01000001.1:4244880-4247463	Ahall_FJVB01000001.1	4244880	4247463	0.4987764012816868	789.5630432289103	1583
Ahall_FJVB01000001.1:4247192-4251245	Ahall_FJVB01000001.1	4247192	4251245	0.49413482718145757	1508.59362738499	3053
Ahall_FJVB01000001.1:4254520-4257474	Ahall_FJVB01000001.1	4254520	4257474	0.4773208614168836	932.6849632085906	1954
Ahall_FJVB01000001.1:4260435-4263685	Ahall_FJVB01000001.1	4260435	4263685	0.4902188771108109	1248.5874800012355	2547
Ahall_FJVB01000001.1:4262889-4266675	Ahall_FJVB01000001.1	4262889	4266675	0.4936687523906858	1521.4870948680937	3082
Ahall_FJVB01000001.1:4268208-4271025	Ahall_FJVB01000001.1	4268208	4271025	0.5106197798606159	927.7961400067392	1817
Ahall_FJVB01000001.1:426685-430237	Ahall_FJVB01000001.1	426685	430237	0.5231388287514128	1595.5734276918092	3050
Ahall_FJVB01000001.1:4273790-4280161	Ahall_FJVB01000001.1	4273790	4280161	0.4690638595815869	2517.9347982339586	5368
Ahall_FJVB01000001.1:4281470-4285125	Ahall_FJVB01000001.1	4281470	4285125	0.48870322637679514	1297.5070660303911	2655
Ahall_FJVB01000001.1:4286380-4288047	Ahall_FJVB01000001.1	4286380	4288047	0.45894217869394455	306.114433188861	667
Ahall_FJVB01000001.1:4288251-4291575	Ahall_FJVB01000001.1	4288251	4291575	0.5048511667317475	1360.0690431753276	2694
Ahall_FJVB01000001.1:4290700-4292914	Ahall_FJVB01000001.1	4290700	4292914	0.493369781635683	1014.8616408245999	2057
Ahall_FJVB01000001.1:4291947-4296045	Ahall_FJVB01000001.1	4291947	4296045	0.5032507752269735	935.5431911469437	1859
Ahall_FJVB01000001.1:4295240-4297471	Ahall_FJVB01000001.1	4295240	4297471	0.5015963809187308	770.4520410911706	1536
Ahall_FJVB01000001.1:429240-433420	Ahall_FJVB01000001.1	429240	433420	0.4869963643384035	1790.6856316723097	3677
Ahall_FJVB01000001.1:4297000-4301618	Ahall_FJVB01000001.1	4297000	4301618	0.47701129140440945	1724.3958184269402	3615
Ahall_FJVB01000001.1:434098-437690	Ahall_FJVB01000001.1	434098	437690	0.5050276633243367	1309.0317033366807	2592
Ahall_FJVB01000001.1:438307-447380	Ahall_FJVB01000001.1	438307	447380	0.4977838109904093	4018.6087061255744	8073
Ahall_FJVB01000001.1:447349-450090	Ahall_FJVB01000001.1	447349	450090	0.47743196071396354	831.2090436030105	1741
Ahall_FJVB01000001.1:44926-47010	Ahall_FJVB01000001.1	44926	47010	0.49554238069947787	781.9658767437761	1578
Ahall_FJVB01000001.1:458171-463650	Ahall_FJVB01000001.1	458171	463650	0.5028955206847241	2423.4535141796855	4819
Ahall_FJVB01000001.1:462811-469730	Ahall_FJVB01000001.1	462811	469730	0.5201587384167909	3255.153385012278	6258
Ahall_FJVB01000001.1:46017-51301	Ahall_FJVB01000001.1	46017	51301	0.5039571355572865	2407.4032365571575	4777
Ahall_FJVB01000001.1:469495-476786	Ahall_FJVB01000001.1	469495	476786	0.49726460200309547	3218.793768766037	6473
Ahall_FJVB01000001.1:476105-478553	Ahall_FJVB01000001.1	476105	478553	0.5204815201454908	977.4642948332316	1878
Ahall_FJVB01000001.1:477805-480941	Ahall_FJVB01000001.1	477805	480941	0.5167138080221794	1469.534070015078	2844
Ahall_FJVB01000001.1:479982-486720	Ahall_FJVB01000001.1	479982	486720	0.51141257852708	3169.2237491323144	6197
Ahall_FJVB01000001.1:489914-494590	Ahall_FJVB01000001.1	489914	494590	0.4890563653226426	1797.7711989260342	3676
Ahall_FJVB01000001.1:499130-508950	Ahall_FJVB01000001.1	499130	508950	0.4917799645227599	4522.900333715823	9197
Ahall_FJVB01000001.1:508071-513040	Ahall_FJVB01000001.1	508071	513040	0.5129143713764666	2230.1516867448768	4348
Ahall_FJVB01000001.1:515275-519843	Ahall_FJVB01000001.1	515275	519843	0.4950834626098425	1733.2872025970585	3501
Ahall_FJVB01000001.1:522378-525677	Ahall_FJVB01000001.1	522378	525677	0.5529457111062235	1271.2221898332077	2299
Ahall_FJVB01000001.1:526692-531266	Ahall_FJVB01000001.1	526692	531266	0.46714243194957483	1881.1825734609379	4027
Ahall_FJVB01000001.1:530314-538647	Ahall_FJVB01000001.1	530314	538647	0.4983182789659186	3844.525522222062	7715
Ahall_FJVB01000001.1:541222-544939	Ahall_FJVB01000001.1	541222	544939	0.477594674838245	1297.6247315355117	2717
Ahall_FJVB01000001.1:544812-548756	Ahall_FJVB01000001.1	544812	548756	0.4868762557546883	1431.9030681745382	2941
Ahall_FJVB01000001.1:54414-56871	Ahall_FJVB01000001.1	54414	56871	0.5304112786731465	924.5068587272945	1743
Ahall_FJVB01000001.1:56086-58837	Ahall_FJVB01000001.1	56086	58837	0.5087093473484389	1035.7322312014214	2036
Ahall_FJVB01000001.1:566102-571623	Ahall_FJVB01000001.1	566102	571623	0.5363929595807596	2546.257379129866	4747
Ahall_FJVB01000001.1:570833-573207	Ahall_FJVB01000001.1	570833	573207	0.5078870902925771	1025.9319223910056	2020
Ahall_FJVB01000001.1:572352-574669	Ahall_FJVB01000001.1	572352	574669	0.5045518134643524	917.2751968781927	1818
Ahall_FJVB01000001.1:574024-577307	Ahall_FJVB01000001.1	574024	577307	0.48961612868860904	1188.7879604559428	2428
Ahall_FJVB01000001.1:579733-582107	Ahall_FJVB01000001.1	579733	582107	0.5134003062868147	877.9145237504531	1710
Ahall_FJVB01000001.1:581272-583567	Ahall_FJVB01000001.1	581272	583567	0.5119272602772671	909.1828142524264	1776
Ahall_FJVB01000001.1:582922-586177	Ahall_FJVB01000001.1	582922	586177	0.49160027888716956	1179.840669329207	2400
Ahall_FJVB01000001.1:586151-588987	Ahall_FJVB01000001.1	586151	588987	0.5224021263226387	959.1303039283646	1836
Ahall_FJVB01000001.1:591182-595794	Ahall_FJVB01000001.1	591182	595794	0.5111280227739433	2056.779163642348	4024
Ahall_FJVB01000001.1:59016-61706	Ahall_FJVB01000001.1	59016	61706	0.47778542707565175	1045.8722998686017	2189
Ahall_FJVB01000001.1:594883-597757	Ahall_FJVB01000001.1	594883	597757	0.4975157652394599	1136.8235235721659	2285
Ahall_FJVB01000001.1:597975-601387	Ahall_FJVB01000001.1	597975	601387	0.45881506087012863	1106.6619268187503	2412
Ahall_FJVB01000001.1:603582-607092	Ahall_FJVB01000001.1	603582	607092	0.4653262881287501	1167.9689832031627	2510
Ahall_FJVB01000001.1:60708-66181	Ahall_FJVB01000001.1	60708	66181	0.5071158079194545	2520.872681167609	4971
Ahall_FJVB01000001.1:613472-615476	Ahall_FJVB01000001.1	613472	615476	0.5077554593129554	509.78648115020724	1004
Ahall_FJVB01000001.1:618078-619707	Ahall_FJVB01000001.1	618078	619707	0.4302318494322642	270.6158332928942	629
Ahall_FJVB01000001.1:619272-622349	Ahall_FJVB01000001.1	619272	622349	0.48470495301390837	1006.7321874098877	2077
Ahall_FJVB01000001.1:622302-623779	Ahall_FJVB01000001.1	622302	623779	0.4882784114840359	417.9663202303347	856
Ahall_FJVB01000001.1:622901-625367	Ahall_FJVB01000001.1	622901	625367	0.495071964518306	1119.852783740408	2262
Ahall_FJVB01000001.1:624450-627797	Ahall_FJVB01000001.1	624450	627797	0.506024930749918	1398.6529085927732	2764
Ahall_FJVB01000001.1:630753-633667	Ahall_FJVB01000001.1	630753	633667	0.47493195056196186	1087.5941667868926	2290
Ahall_FJVB01000001.1:632792-635627	Ahall_FJVB01000001.1	632792	635627	0.4845084203487524	1151.1920067486358	2376
Ahall_FJVB01000001.1:634962-637634	Ahall_FJVB01000001.1	634962	637634	0.5063292525078049	930.1268368568376	1837
Ahall_FJVB01000001.1:637262-640659	Ahall_FJVB01000001.1	637262	640659	0.5208245063577274	1419.246779824807	2725
Ahall_FJVB01000001.1:639832-642080	Ahall_FJVB01000001.1	639832	642080	0.5295265595433671	834.0043312808033	1575
Ahall_FJVB01000001.1:642002-644843	Ahall_FJVB01000001.1	642002	644843	0.47049773935018413	866.186338143689	1841
Ahall_FJVB01000001.1:644372-646578	Ahall_FJVB01000001.1	644372	646578	0.5207834426816395	833.2535082906231	1600
Ahall_FJVB01000001.1:645682-648662	Ahall_FJVB01000001.1	645682	648662	0.48046972385976205	1140.1546547192154	2373
Ahall_FJVB01000001.1:648172-650368	Ahall_FJVB01000001.1	648172	650368	0.5114808589500324	857.7534004592043	1677
Ahall_FJVB01000001.1:649388-652807	Ahall_FJVB01000001.1	649388	652807	0.5170694028872003	1498.9841989699937	2899
Ahall_FJVB01000001.1:65756-69457	Ahall_FJVB01000001.1	65756	69457	0.5056667620941114	1498.2906160848522	2963
Ahall_FJVB01000001.1:664942-669682	Ahall_FJVB01000001.1	664942	669682	0.4622585094469826	1693.7151786137442	3664
Ahall_FJVB01000001.1:668686-671217	Ahall_FJVB01000001.1	668686	671217	0.46421464695496	1096.9392107545705	2363
Ahall_FJVB01000001.1:670382-673268	Ahall_FJVB01000001.1	670382	673268	0.5024885813432438	1360.236589696161	2707
Ahall_FJVB01000001.1:672283-677697	Ahall_FJVB01000001.1	672283	677697	0.49294515013670254	2514.020265697183	5100
Ahall_FJVB01000001.1:676997-682077	Ahall_FJVB01000001.1	676997	682077	0.5202758708400596	2226.780727195455	4280
Ahall_FJVB01000001.1:682362-684900	Ahall_FJVB01000001.1	682362	684900	0.5011251220021599	800.2968198374493	1597
Ahall_FJVB01000001.1:684342-693640	Ahall_FJVB01000001.1	684342	693640	0.5204930666712897	4349.240065105297	8356
Ahall_FJVB01000001.1:68696-72080	Ahall_FJVB01000001.1	68696	72080	0.5100211184320961	1498.9520670719305	2939
Ahall_FJVB01000001.1:693361-700887	Ahall_FJVB01000001.1	693361	700887	0.5141705504906077	3291.7198642408703	6402
Ahall_FJVB01000001.1:700512-706147	Ahall_FJVB01000001.1	700512	706147	0.5054149048727792	2446.713554489124	4841
Ahall_FJVB01000001.1:705442-707352	Ahall_FJVB01000001.1	705442	707352	0.4864952404285925	740.4457559323178	1522
Ahall_FJVB01000001.1:706446-710457	Ahall_FJVB01000001.1	706446	710457	0.5125468029045481	1751.372425524841	3417
Ahall_FJVB01000001.1:712172-714835	Ahall_FJVB01000001.1	712172	714835	0.5118698666327706	851.2395882102974	1663
Ahall_FJVB01000001.1:71287-74951	Ahall_FJVB01000001.1	71287	74951	0.5308039061704031	1569.5871505458817	2957
Ahall_FJVB01000001.1:720924-722575	Ahall_FJVB01000001.1	720924	722575	0.505194469091053	328.8815993782755	651
Ahall_FJVB01000001.1:725860-729160	Ahall_FJVB01000001.1	725860	729160	0.4839424679593671	1117.907100986138	2310
Ahall_FJVB01000001.1:728651-730575	Ahall_FJVB01000001.1	728651	730575	0.4591955357882533	587.311090273176	1279
Ahall_FJVB01000001.1:729730-737885	Ahall_FJVB01000001.1	729730	737885	0.496391429003669	3722.9357175275177	7500
Ahall_FJVB01000001.1:737870-739490	Ahall_FJVB01000001.1	737870	739490	0.4520002218874605	280.2401375702255	620
Ahall_FJVB01000001.1:761439-763185	Ahall_FJVB01000001.1	761439	763185	0.47184061796782506	351.9931010039975	746
Ahall_FJVB01000001.1:76316-79110	Ahall_FJVB01000001.1	76316	79110	0.4273811352579487	766.72175665276	1794
Ahall_FJVB01000001.1:783300-786223	Ahall_FJVB01000001.1	783300	786223	0.5073447247739995	975.6239057404011	1923
Ahall_FJVB01000001.1:786480-791951	Ahall_FJVB01000001.1	786480	791951	0.5146650513794957	2297.9794544094484	4465
Ahall_FJVB01000001.1:78870-81931	Ahall_FJVB01000001.1	78870	81931	0.5477331522370241	1128.8780267605068	2061
Ahall_FJVB01000001.1:793820-796193	Ahall_FJVB01000001.1	793820	796193	0.4679152520043418	642.4476410019613	1373
Ahall_FJVB01000001.1:796320-801065	Ahall_FJVB01000001.1	796320	801065	0.5109952314752181	2150.778929279193	4209
Ahall_FJVB01000001.1:800102-802685	Ahall_FJVB01000001.1	800102	802685	0.5039374491036259	1170.1427568186193	2322
Ahall_FJVB01000001.1:801910-804964	Ahall_FJVB01000001.1	801910	804964	0.4967804050480145	1164.453269432546	2344
Ahall_FJVB01000001.1:804450-808181	Ahall_FJVB01000001.1	804450	808181	0.5027403586697893	1610.277368819335	3203
Ahall_FJVB01000001.1:807215-810615	Ahall_FJVB01000001.1	807215	810615	0.5403077365843068	1543.6592034213645	2857
Ahall_FJVB01000001.1:815406-819265	Ahall_FJVB01000001.1	815406	819265	0.5073972932505117	1569.379828023833	3093
Ahall_FJVB01000001.1:818532-820735	Ahall_FJVB01000001.1	818532	820735	0.5031496728965335	722.522930279422	1436
Ahall_FJVB01000001.1:820492-824665	Ahall_FJVB01000001.1	820492	824665	0.5049889757753809	1602.3300201352838	3173
Ahall_FJVB01000001.1:826227-828015	Ahall_FJVB01000001.1	826227	828015	0.4620315420653486	364.0808551474947	788
Ahall_FJVB01000001.1:832309-835595	Ahall_FJVB01000001.1	832309	835595	0.47989497742396564	1097.0399183911854	2286
Ahall_FJVB01000001.1:835101-836775	Ahall_FJVB01000001.1	835101	836775	0.5059544058508593	341.0132695434791	674
Ahall_FJVB01000001.1:846940-849750	Ahall_FJVB01000001.1	846940	849750	0.5030840546747496	1138.4792157289583	2263
Ahall_FJVB01000001.1:848798-851935	Ahall_FJVB01000001.1	848798	851935	0.4990550136044064	1292.0534302218082	2589
Ahall_FJVB01000001.1:855589-859065	Ahall_FJVB01000001.1	855589	859065	0.5207306213283489	1649.6746083682092	3168
Ahall_FJVB01000001.1:858180-863175	Ahall_FJVB01000001.1	858180	863175	0.4932092921900314	2270.7355812429046	4604
Ahall_FJVB01000001.1:862452-865715	Ahall_FJVB01000001.1	862452	865715	0.5276688054408636	1311.7846503259868	2486
Ahall_FJVB01000001.1:86047-89901	Ahall_FJVB01000001.1	86047	89901	0.4798329944232973	1369.4433660840905	2854
Ahall_FJVB01000001.1:866870-871238	Ahall_FJVB01000001.1	866870	871238	0.5183682263082656	1994.6809348342063	3848
Ahall_FJVB01000001.1:870259-873275	Ahall_FJVB01000001.1	870259	873275	0.48403835711673254	1207.6757010062477	2495
Ahall_FJVB01000001.1:873900-877337	Ahall_FJVB01000001.1	873900	877337	0.4739654816048994	1155.0538786711397	2437
Ahall_FJVB01000001.1:878000-882367	Ahall_FJVB01000001.1	878000	882367	0.5168099591613246	1219.6715036207258	2360
Ahall_FJVB01000001.1:882150-884654	Ahall_FJVB01000001.1	882150	884654	0.4760119072320998	919.6550047724168	1932
Ahall_FJVB01000001.1:883727-887625	Ahall_FJVB01000001.1	883727	887625	0.5061256198605569	1701.088208351332	3361
Ahall_FJVB01000001.1:887090-889665	Ahall_FJVB01000001.1	887090	889665	0.45816352293210916	737.6432719206957	1610
Ahall_FJVB01000001.1:891173-892965	Ahall_FJVB01000001.1	891173	892965	0.4949707259645174	392.0168149638978	792
Ahall_FJVB01000001.1:90126-91753	Ahall_FJVB01000001.1	90126	91753	0.5158570567960804	323.44237461114244	627
Ahall_FJVB01000001.1:906189-908477	Ahall_FJVB01000001.1	906189	908477	0.4648834000154809	636.4253746211933	1369
Ahall_FJVB01000001.1:907897-912387	Ahall_FJVB01000001.1	907897	912387	0.4794130142509031	1824.6459322389371	3806
Ahall_FJVB01000001.1:911652-913895	Ahall_FJVB01000001.1	911652	913895	0.5138076521309662	759.4077098495682	1478
Ahall_FJVB01000001.1:916252-919783	Ahall_FJVB01000001.1	916252	919783	0.5211244910986943	1556.5988549118	2987
Ahall_FJVB01000001.1:918828-922367	Ahall_FJVB01000001.1	918828	922367	0.4997394718061434	1496.2199785875935	2994
Ahall_FJVB01000001.1:91666-93237	Ahall_FJVB01000001.1	91666	93237	0.5246026826640323	384.5337663927357	733
Ahall_FJVB01000001.1:928592-931104	Ahall_FJVB01000001.1	928592	931104	0.4677794496127823	844.341906551072	1805
Ahall_FJVB01000001.1:92576-95700	Ahall_FJVB01000001.1	92576	95700	0.5078487407902293	1202.077969450473	2367
Ahall_FJVB01000001.1:930312-932034	Ahall_FJVB01000001.1	930312	932034	0.48740040192813805	729.1510012844946	1496
Ahall_FJVB01000001.1:931053-933367	Ahall_FJVB01000001.1	931053	933367	0.4969814250371178	1003.4054971499409	2019
Ahall_FJVB01000001.1:932644-935367	Ahall_FJVB01000001.1	932644	935367	0.5031401061940465	1128.0401180870522	2242
Ahall_FJVB01000001.1:934572-936420	Ahall_FJVB01000001.1	934572	936420	0.5039489266664382	566.942542499743	1125
Ahall_FJVB01000001.1:936512-938077	Ahall_FJVB01000001.1	936512	938077	0.4275208769172214	241.5492954582301	565
Ahall_FJVB01000001.1:940382-944374	Ahall_FJVB01000001.1	940382	944374	0.5033822671905953	1506.1197434342612	2992
Ahall_FJVB01000001.1:944698-948537	Ahall_FJVB01000001.1	944698	948537	0.501806475298654	1424.6285833728787	2839
Ahall_FJVB01000001.1:948472-950377	Ahall_FJVB01000001.1	948472	950377	0.5694242567972561	515.3289524015167	905
Ahall_FJVB01000001.1:950592-953332	Ahall_FJVB01000001.1	950592	953332	0.5147531846288387	1055.7587816737482	2051
Ahall_FJVB01000001.1:952522-955437	Ahall_FJVB01000001.1	952522	955437	0.494174584943762	1099.5384514998705	2225
Ahall_FJVB01000001.1:955082-962551	Ahall_FJVB01000001.1	955082	962551	0.509716908726142	3297.358682549412	6469
Ahall_FJVB01000001.1:95119-97791	Ahall_FJVB01000001.1	95119	97791	0.5380453126927485	943.1934331503882	1753
Ahall_FJVB01000001.1:962542-973616	Ahall_FJVB01000001.1	962542	973616	0.4982836186928056	5019.709174711324	10074
Ahall_FJVB01000001.1:973119-976507	Ahall_FJVB01000001.1	973119	976507	0.5083231735207162	1287.5825985279741	2533
Ahall_FJVB01000001.1:975863-979097	Ahall_FJVB01000001.1	975863	979097	0.4965436415877233	1180.780779695606	2378
Ahall_FJVB01000001.1:981847-985277	Ahall_FJVB01000001.1	981847	985277	0.4939623705854253	1312.458018645475	2657
Ahall_FJVB01000001.1:984551-990027	Ahall_FJVB01000001.1	984551	990027	0.48750038142750685	2471.1394334560323	5069
Ahall_FJVB01000001.1:989161-992757	Ahall_FJVB01000001.1	989161	992757	0.48931288816828855	1488.979118696102	3043
Ahall_FJVB01000001.1:98585-103631	Ahall_FJVB01000001.1	98585	103631	0.47595887348112026	1925.7296021046125	4046
Ahall_FJVB01000001.1:992177-993987	Ahall_FJVB01000001.1	992177	993987	0.4705020172344968	418.74679533870216	890
Ahall_FJVB01000002.1:102126-106558	Ahall_FJVB01000002.1	102126	106558	0.49637238257840194	1703.5500170090754	3432
Ahall_FJVB01000002.1:107686-110180	Ahall_FJVB01000002.1	107686	110180	0.48487018016259326	724.3960491629143	1494
Ahall_FJVB01000002.1:111006-116955	Ahall_FJVB01000002.1	111006	116955	0.49412753077288285	2618.381785565506	5299
Ahall_FJVB01000002.1:116106-120871	Ahall_FJVB01000002.1	116106	120871	0.4991673092489755	2053.574310250285	4114
Ahall_FJVB01000002.1:11813-16841	Ahall_FJVB01000002.1	11813	16841	0.496279096865962	2113.1563944552663	4258
Ahall_FJVB01000002.1:124324-129161	Ahall_FJVB01000002.1	124324	129161	0.4853832095284745	1862.4153749607567	3837
Ahall_FJVB01000002.1:129606-132635	Ahall_FJVB01000002.1	129606	132635	0.45921711049494596	1154.931032894789	2515
Ahall_FJVB01000002.1:131644-134121	Ahall_FJVB01000002.1	131644	134121	0.4488510991250365	880.6458564833216	1962
Ahall_FJVB01000002.1:139897-146651	Ahall_FJVB01000002.1	139897	146651	0.4266524265992507	1580.3205881236245	3704
Ahall_FJVB01000002.1:147404-156911	Ahall_FJVB01000002.1	147404	156911	0.5059449817040456	4302.556124411203	8504
Ahall_FJVB01000002.1:156766-160451	Ahall_FJVB01000002.1	156766	160451	0.5250876551959434	1633.0226076593838	3110
Ahall_FJVB01000002.1:159527-161971	Ahall_FJVB01000002.1	159527	161971	0.5116163934660993	1081.5570557873339	2114
Ahall_FJVB01000002.1:161226-164606	Ahall_FJVB01000002.1	161226	164606	0.5145800615816061	1371.870444176562	2666
Ahall_FJVB01000002.1:164066-167817	Ahall_FJVB01000002.1	164066	167817	0.5097123108551573	1612.2200392348627	3163
Ahall_FJVB01000002.1:16156-21625	Ahall_FJVB01000002.1	16156	21625	0.5044748146374817	2347.8257873228395	4654
Ahall_FJVB01000002.1:166946-170328	Ahall_FJVB01000002.1	166946	170328	0.49728566815797554	1520.699573227089	3058
Ahall_FJVB01000002.1:169524-175561	Ahall_FJVB01000002.1	169524	175561	0.4945214912555752	2682.28456857024	5424
Ahall_FJVB01000002.1:174979-177331	Ahall_FJVB01000002.1	174979	177331	0.5263622721716448	921.1339763003784	1750
Ahall_FJVB01000002.1:176516-179248	Ahall_FJVB01000002.1	176516	179248	0.5174726649379404	1059.266545127964	2047
Ahall_FJVB01000002.1:178916-181270	Ahall_FJVB01000002.1	178916	181270	0.49407946695992566	904.6595040036239	1831
Ahall_FJVB01000002.1:180294-184881	Ahall_FJVB01000002.1	180294	184881	0.4821427893738336	1958.9461532258858	4063
Ahall_FJVB01000002.1:185978-189351	Ahall_FJVB01000002.1	185978	189351	0.541519735111967	1380.333804800404	2549
Ahall_FJVB01000002.1:188676-193713	Ahall_FJVB01000002.1	188676	193713	0.5071471799393756	2136.10392190465	4212
Ahall_FJVB01000002.1:193680-198183	Ahall_FJVB01000002.1	193680	198183	0.49219923733831167	1724.1739283961058	3503
Ahall_FJVB01000002.1:202348-207222	Ahall_FJVB01000002.1	202348	207222	0.4769195479114435	2072.6923552231333	4346
Ahall_FJVB01000002.1:206251-208543	Ahall_FJVB01000002.1	206251	208543	0.4970983096798666	1038.4383689212414	2089
Ahall_FJVB01000002.1:207718-210593	Ahall_FJVB01000002.1	207718	210593	0.4878510281765669	1242.0687177375394	2546
Ahall_FJVB01000002.1:209748-213063	Ahall_FJVB01000002.1	209748	213063	0.5009566616196726	1535.9331245259161	3066
Ahall_FJVB01000002.1:212158-214612	Ahall_FJVB01000002.1	212158	214612	0.4980177170899088	925.8149360701404	1859
Ahall_FJVB01000002.1:21671-24931	Ahall_FJVB01000002.1	21671	24931	0.5304148690334194	1198.7376040155277	2260
Ahall_FJVB01000002.1:222918-226202	Ahall_FJVB01000002.1	222918	226202	0.48382315884297766	1345.5122047423208	2781
Ahall_FJVB01000002.1:225206-228473	Ahall_FJVB01000002.1	225206	228473	0.45875378195243255	1267.5366995345712	2763
Ahall_FJVB01000002.1:237998-241694	Ahall_FJVB01000002.1	237998	241694	0.4876135647497715	1277.0599260796516	2619
Ahall_FJVB01000002.1:251698-254188	Ahall_FJVB01000002.1	251698	254188	0.47331581950684315	886.993845755824	1874
Ahall_FJVB01000002.1:24794-27581	Ahall_FJVB01000002.1	24794	27581	0.5129445110288224	916.6318412085058	1787
Ahall_FJVB01000002.1:253305-255573	Ahall_FJVB01000002.1	253305	255573	0.5068856811518522	836.868259581708	1651
Ahall_FJVB01000002.1:256108-257819	Ahall_FJVB01000002.1	256108	257819	0.5156154247302079	469.21003650448927	910
Ahall_FJVB01000002.1:257121-258983	Ahall_FJVB01000002.1	257121	258983	0.5050288926276487	535.3306261853077	1060
Ahall_FJVB01000002.1:260088-262892	Ahall_FJVB01000002.1	260088	262892	0.4546287275595937	1043.3729297492675	2295
Ahall_FJVB01000002.1:261902-264343	Ahall_FJVB01000002.1	261902	264343	0.4919098190016398	1054.6546519395158	2144
Ahall_FJVB01000002.1:263631-266583	Ahall_FJVB01000002.1	263631	266583	0.4881073909423832	1056.2643939993172	2164
Ahall_FJVB01000002.1:268067-269733	Ahall_FJVB01000002.1	268067	269733	0.5101083121706251	339.7321359056363	666
Ahall_FJVB01000002.1:277328-280716	Ahall_FJVB01000002.1	277328	280716	0.49203396434519214	1256.6547449376208	2554
Ahall_FJVB01000002.1:280051-285143	Ahall_FJVB01000002.1	280051	285143	0.5238245696181104	2290.684842939997	4373
Ahall_FJVB01000002.1:284528-287237	Ahall_FJVB01000002.1	284528	287237	0.4710897489074822	859.2677020072475	1824
Ahall_FJVB01000002.1:28197-32511	Ahall_FJVB01000002.1	28197	32511	0.545927974369651	1488.7455861060382	2727
Ahall_FJVB01000002.1:287638-290180	Ahall_FJVB01000002.1	287638	290180	0.48983928327265003	986.5363165111172	2014
Ahall_FJVB01000002.1:289209-292653	Ahall_FJVB01000002.1	289209	292653	0.5201131422859843	1516.129809763644	2915
Ahall_FJVB01000002.1:294588-296936	Ahall_FJVB01000002.1	294588	296936	0.49985779900678484	828.2643729542425	1657
Ahall_FJVB01000002.1:296128-299913	Ahall_FJVB01000002.1	296128	299913	0.49883619163328563	1590.2897789269146	3188
Ahall_FJVB01000002.1:299319-301333	Ahall_FJVB01000002.1	299319	301333	0.49485671419323446	548.3012393261038	1108
Ahall_FJVB01000002.1:302631-306523	Ahall_FJVB01000002.1	302631	306523	0.4815981251602928	1392.7817779635668	2892
Ahall_FJVB01000002.1:33171-36921	Ahall_FJVB01000002.1	33171	36921	0.4529226693578263	1415.836264412565	3126
Ahall_FJVB01000002.1:36046-41872	Ahall_FJVB01000002.1	36046	41872	0.455924490972819	2371.2632775496318	5201
Ahall_FJVB01000002.1:46616-50386	Ahall_FJVB01000002.1	46616	50386	0.4676695725843027	1295.4447160585185	2770
Ahall_FJVB01000002.1:50026-52540	Ahall_FJVB01000002.1	50026	52540	0.44332324538484635	846.3040754396717	1909
Ahall_FJVB01000002.1:51646-53354	Ahall_FJVB01000002.1	51646	53354	0.4450092865803866	706.2297378030735	1587
Ahall_FJVB01000002.1:4766-6248	Ahall_FJVB01000002.1	4766	6248	0.4942590402371296	238.23285739429645	482
Ahall_FJVB01000002.1:52370-54811	Ahall_FJVB01000002.1	52370	54811	0.45274959170035495	871.5429640231832	1925
Ahall_FJVB01000002.1:56486-58192	Ahall_FJVB01000002.1	56486	58192	0.46852295502109226	558.0108394301209	1191
Ahall_FJVB01000002.1:57208-59471	Ahall_FJVB01000002.1	57208	59471	0.4749330673022684	829.7080685770629	1747
Ahall_FJVB01000002.1:60117-62521	Ahall_FJVB01000002.1	60117	62521	0.4457708892980633	625.8623285744809	1404
Ahall_FJVB01000002.1:64166-66980	Ahall_FJVB01000002.1	64166	66980	0.48810697216635945	885.426047509776	1814
Ahall_FJVB01000002.1:75446-77244	Ahall_FJVB01000002.1	75446	77244	0.4591313409191249	572.5367821261488	1247
Ahall_FJVB01000002.1:76296-78637	Ahall_FJVB01000002.1	76296	78637	0.463564523310527	982.7567894183172	2120
Ahall_FJVB01000002.1:77807-80041	Ahall_FJVB01000002.1	77807	80041	0.45780440264213823	716.0060857323042	1564
Ahall_FJVB01000002.1:80273-83201	Ahall_FJVB01000002.1	80273	83201	0.4328532739285546	834.5411121342532	1928
Ahall_FJVB01000002.1:84596-87670	Ahall_FJVB01000002.1	84596	87670	0.4105323873657039	792.3275076158086	1930
Ahall_FJVB01000002.1:8126-12357	Ahall_FJVB01000002.1	8126	12357	0.48944942346080483	1603.4363112575966	3276
Ahall_FJVB01000002.1:95458-98111	Ahall_FJVB01000002.1	95458	98111	0.4698092873568359	776.5947520008498	1653
Ahall_FJVB01000002.1:98846-102520	Ahall_FJVB01000002.1	98846	102520	0.5069944008653565	1355.7030279139633	2674
gene_name	chrom	start	end	mut_av	mut_sum	leng_rec
Ahall_FJVB01000001.1:1010402-1015070	Ahall_FJVB01000001.1	1010402	1015070	0.46076545220967563	1862.413957831509	4042
Ahall_FJVB01000001.1:1014197-1017197	Ahall_FJVB01000001.1	1014197	1017197	0.4837979179398946	1148.0524592713698	2373
Ahall_FJVB01000001.1:1019002-1023336	Ahall_FJVB01000001.1	1019002	1023336	0.5201403659512159	1734.147980081354	3334
Ahall_FJVB01000001.1:1023622-1034721	Ahall_FJVB01000001.1	1023622	1034721	0.5106936202265345	5157.494870667772	10099
Ahall_FJVB01000001.1:1034992-1037997	Ahall_FJVB01000001.1	1034992	1037997	0.516298529666898	1212.7852461875434	2349
Ahall_FJVB01000001.1:9857-17151	Ahall_FJVB01000001.1	9857	17151	0.5009195682039578	3571.556521294219	7130
Ahall_FJVB01000001.1:1037154-1041547	Ahall_FJVB01000001.1	1037154	1041547	0.5018941711554352	2068.807773502704	4122
Ahall_FJVB01000001.1:1040662-1042763	Ahall_FJVB01000001.1	1040662	1042763	0.498996335063033	880.2295350511902	1764
Ahall_FJVB01000001.1:1041986-1045917	Ahall_FJVB01000001.1	1041986	1045917	0.5123633200741904	1643.6615307980028	3208
Ahall_FJVB01000001.1:1045442-1048251	Ahall_FJVB01000001.1	1045442	1048251	0.5016486039030458	907.4823244606098	1809
Ahall_FJVB01000001.1:1049262-1052809	Ahall_FJVB01000001.1	1049262	1052809	0.49617424758367856	1357.0365671413608	2735
Ahall_FJVB01000001.1:1052122-1054837	Ahall_FJVB01000001.1	1052122	1054837	0.5178582986460927	984.9664840248682	1902
Ahall_FJVB01000001.1:1054652-1059251	Ahall_FJVB01000001.1	1054652	1059251	0.5161403240994699	1878.234639397971	3639
Ahall_FJVB01000001.1:1058712-1061659	Ahall_FJVB01000001.1	1058712	1061659	0.5288343729225973	1181.4159891090824	2234
Ahall_FJVB01000001.1:1060912-1065987	Ahall_FJVB01000001.1	1060912	1065987	0.49597844631412685	2390.6161112340915	4820
Ahall_FJVB01000001.1:1064990-1068247	Ahall_FJVB01000001.1	1064990	1068247	0.5081710233648212	1580.411882664594	3110
Ahall_FJVB01000001.1:1067392-1071617	Ahall_FJVB01000001.1	1067392	1071617	0.5272939950927558	1887.7125024320655	3580
Ahall_FJVB01000001.1:1071851-1075627	Ahall_FJVB01000001.1	1071851	1075627	0.508653410344479	1410.4959068852402	2773
Ahall_FJVB01000001.1:1078019-1082572	Ahall_FJVB01000001.1	1078019	1082572	0.4767333453578834	1693.8335760565599	3553
Ahall_FJVB01000001.1:1083299-1089870	Ahall_FJVB01000001.1	1083299	1089870	0.5077838296448822	2964.9497812964673	5839
Ahall_FJVB01000001.1:1089100-1092324	Ahall_FJVB01000001.1	1089100	1092324	0.48904804047649036	1389.8745310341856	2842
Ahall_FJVB01000001.1:1091477-1097064	Ahall_FJVB01000001.1	1091477	1097064	0.4973642042438124	2453.9949837389704	4934
Ahall_FJVB01000001.1:1100379-1102631	Ahall_FJVB01000001.1	1100379	1102631	0.4971601516825163	622.4445099065105	1252
Ahall_FJVB01000001.1:1104594-1107264	Ahall_FJVB01000001.1	1104594	1107264	0.4673304522637508	780.4418552804639	1670
Ahall_FJVB01000001.1:1112618-1114914	Ahall_FJVB01000001.1	1112618	1114914	0.497900244069101	645.2787163135549	1296
Ahall_FJVB01000001.1:110906-115575	Ahall_FJVB01000001.1	110906	115575	0.5128176532696006	1881.5279698461648	3669
Ahall_FJVB01000001.1:1115921-1118494	Ahall_FJVB01000001.1	1115921	1118494	0.48673810359828673	765.639036960105	1573
Ahall_FJVB01000001.1:1121489-1124358	Ahall_FJVB01000001.1	1121489	1124358	0.4965023527576656	1161.3190031001798	2339
Ahall_FJVB01000001.1:1123389-1125454	Ahall_FJVB01000001.1	1123389	1125454	0.5087638152269618	780.4436925581595	1534
Ahall_FJVB01000001.1:1129367-1134214	Ahall_FJVB01000001.1	1129367	1134214	0.4948839488239242	2072.0790937257707	4187
Ahall_FJVB01000001.1:1134590-1138714	Ahall_FJVB01000001.1	1134590	1138714	0.4817361713272096	1714.0172975822118	3558
Ahall_FJVB01000001.1:1138430-1141234	Ahall_FJVB01000001.1	1138430	1141234	0.5484343794444079	984.4397111027121	1795
Ahall_FJVB01000001.1:1143929-1149113	Ahall_FJVB01000001.1	1143929	1149113	0.4497547919433814	1803.9664704849029	4011
Ahall_FJVB01000001.1:1148479-1150233	Ahall_FJVB01000001.1	1148479	1150233	0.4134047189960351	513.8620657120716	1243
Ahall_FJVB01000001.1:1149379-1150999	Ahall_FJVB01000001.1	1149379	1150999	0.4184072020302562	406.2733931713788	971
Ahall_FJVB01000001.1:1156889-1159347	Ahall_FJVB01000001.1	1156889	1159347	0.4858533994958116	708.3742564648933	1458
Ahall_FJVB01000001.1:1159089-1162655	Ahall_FJVB01000001.1	1159089	1162655	0.44993841978370025	1371.4123035007183	3048
Ahall_FJVB01000001.1:1161674-1167324	Ahall_FJVB01000001.1	1161674	1167324	0.5254361373079333	2479.533131956137	4719
Ahall_FJVB01000001.1:115726-121692	Ahall_FJVB01000001.1	115726	121692	0.4907416253795445	2650.9862603002994	5402
Ahall_FJVB01000001.1:1170765-1173134	Ahall_FJVB01000001.1	1170765	1173134	0.5308621600187796	1106.8476036391555	2085
Ahall_FJVB01000001.1:1171919-1177072	Ahall_FJVB01000001.1	1171919	1177072	0.5302775169413193	2581.390952470342	4868
Ahall_FJVB01000001.1:1180549-1182835	Ahall_FJVB01000001.1	1180549	1182835	0.47850797686725755	615.3612582512932	1286
Ahall_FJVB01000001.1:1182489-1184980	Ahall_FJVB01000001.1	1182489	1184980	0.5037161299218827	751.0407497135271	1491
Ahall_FJVB01000001.1:1185769-1187632	Ahall_FJVB01000001.1	1185769	1187632	0.5203320360081026	617.1137947056097	1186
Ahall_FJVB01000001.1:1186810-1189634	Ahall_FJVB01000001.1	1186810	1189634	0.5271709950981494	1131.3089554806286	2146
Ahall_FJVB01000001.1:1189567-1192524	Ahall_FJVB01000001.1	1189567	1192524	0.5224468657244287	1022.428516222707	1957
Ahall_FJVB01000001.1:1194099-1198586	Ahall_FJVB01000001.1	1194099	1198586	0.48412885713826703	1688.157324841137	3487
Ahall_FJVB01000001.1:1203369-1205501	Ahall_FJVB01000001.1	1203369	1205501	0.5271494038419032	596.7331251490344	1132
Ahall_FJVB01000001.1:120757-127831	Ahall_FJVB01000001.1	120757	127831	0.5300077542877589	3596.1026128424446	6785
Ahall_FJVB01000001.1:1217659-1220617	Ahall_FJVB01000001.1	1217659	1220617	0.5117143164617728	1001.9366316321511	1958
Ahall_FJVB01000001.1:1222946-1226134	Ahall_FJVB01000001.1	1222946	1226134	0.5345585968015469	1144.4899557521119	2141
Ahall_FJVB01000001.1:1225764-1229584	Ahall_FJVB01000001.1	1225764	1229584	0.5169944134846768	1457.9242460267885	2820
Ahall_FJVB01000001.1:1230179-1237180	Ahall_FJVB01000001.1	1230179	1237180	0.4441427479482768	2665.300630437609	6001
Ahall_FJVB01000001.1:1241028-1244200	Ahall_FJVB01000001.1	1241028	1244200	0.5268941082757409	1144.4140031749093	2172
Ahall_FJVB01000001.1:1244316-1247260	Ahall_FJVB01000001.1	1244316	1247260	0.4930013939579027	958.3947098541629	1944
Ahall_FJVB01000001.1:1248195-1251040	Ahall_FJVB01000001.1	1248195	1251040	0.5453470897240298	1006.165380540835	1845
Ahall_FJVB01000001.1:1250575-1253659	Ahall_FJVB01000001.1	1250575	1253659	0.5042087998202518	1110.7719860040147	2203
Ahall_FJVB01000001.1:1253041-1256730	Ahall_FJVB01000001.1	1253041	1256730	0.509363031182433	1463.3999885871299	2873
Ahall_FJVB01000001.1:1256165-1266400	Ahall_FJVB01000001.1	1256165	1266400	0.4930525708185083	4585.388908612127	9300
Ahall_FJVB01000001.1:1266045-1267640	Ahall_FJVB01000001.1	1266045	1267640	0.42670825067314616	253.89140915052198	595
Ahall_FJVB01000001.1:127056-129718	Ahall_FJVB01000001.1	127056	129718	0.5053263850391634	1207.2247338585614	2389
Ahall_FJVB01000001.1:1283465-1286299	Ahall_FJVB01000001.1	1283465	1286299	0.441898066523651	810.4410540043759	1834
Ahall_FJVB01000001.1:1286475-1288563	Ahall_FJVB01000001.1	1286475	1288563	0.48913534209867715	532.1792522033608	1088
Ahall_FJVB01000001.1:128767-131031	Ahall_FJVB01000001.1	128767	131031	0.4903554320450298	840.9595659572261	1715
Ahall_FJVB01000001.1:1293815-1295655	Ahall_FJVB01000001.1	1293815	1295655	0.5498215229176924	461.8500792508616	840
Ahall_FJVB01000001.1:1296865-1299099	Ahall_FJVB01000001.1	1296865	1299099	0.5318609324619062	656.3163906579923	1234
Ahall_FJVB01000001.1:1299005-1307113	Ahall_FJVB01000001.1	1299005	1307113	0.5000872069552652	3773.658063684431	7546
Ahall_FJVB01000001.1:1306176-1310100	Ahall_FJVB01000001.1	1306176	1310100	0.5166147374078389	1736.3421324277467	3361
Ahall_FJVB01000001.1:1310763-1312390	Ahall_FJVB01000001.1	1310763	1312390	0.5379049066398105	337.2663764631612	627
Ahall_FJVB01000001.1:1313325-1316540	Ahall_FJVB01000001.1	1313325	1316540	0.5142424251452553	1369.9418205869601	2664
Ahall_FJVB01000001.1:130996-133977	Ahall_FJVB01000001.1	130996	133977	0.4693585988567112	1132.5622990412442	2413
Ahall_FJVB01000001.1:1315521-1316970	Ahall_FJVB01000001.1	1315521	1316970	0.5226652443265906	650.7182291866052	1245
Ahall_FJVB01000001.1:1316194-1319610	Ahall_FJVB01000001.1	1316194	1319610	0.5101125770919638	1580.3287638309039	3098
Ahall_FJVB01000001.1:1318705-1320800	Ahall_FJVB01000001.1	1318705	1320800	0.44980531148685904	674.7079672302885	1500
Ahall_FJVB01000001.1:1320397-1323070	Ahall_FJVB01000001.1	1320397	1323070	0.4950073769183843	828.147341584457	1673
Ahall_FJVB01000001.1:1322946-1326510	Ahall_FJVB01000001.1	1322946	1326510	0.5224127732764745	1339.4663506808806	2564
Ahall_FJVB01000001.1:1327805-1333596	Ahall_FJVB01000001.1	1327805	1333596	0.47416870665233235	2271.7422735713244	4791
Ahall_FJVB01000001.1:133046-137224	Ahall_FJVB01000001.1	133046	137224	0.5040333251012658	1891.6370691050502	3753
Ahall_FJVB01000001.1:1335775-1340880	Ahall_FJVB01000001.1	1335775	1340880	0.5563461224702905	2282.1317943731315	4102
Ahall_FJVB01000001.1:1341320-1344630	Ahall_FJVB01000001.1	1341320	1344630	0.5033689171398616	1162.7821985930805	2310
Ahall_FJVB01000001.1:1344255-1346610	Ahall_FJVB01000001.1	1344255	1346610	0.4917834565534774	666.3665836299618	1355
Ahall_FJVB01000001.1:1346975-1349650	Ahall_FJVB01000001.1	1346975	1349650	0.5179816976926623	867.6193436352095	1675
Ahall_FJVB01000001.1:1350205-1353500	Ahall_FJVB01000001.1	1350205	1353500	0.47419996239733814	1088.288913701891	2295
Ahall_FJVB01000001.1:1353215-1354920	Ahall_FJVB01000001.1	1353215	1354920	0.46787544341124687	334.99881748245275	716
Ahall_FJVB01000001.1:1354410-1357930	Ahall_FJVB01000001.1	1354410	1357930	0.5084504510372105	1473.9978575568732	2899
Ahall_FJVB01000001.1:1357062-1362070	Ahall_FJVB01000001.1	1357062	1362070	0.5063338405172482	2215.716886103478	4376
Ahall_FJVB01000001.1:1363075-1381911	Ahall_FJVB01000001.1	1363075	1381911	0.500781362191009	8985.519981793273	17943
Ahall_FJVB01000001.1:136581-138441	Ahall_FJVB01000001.1	136581	138441	0.4917796078351029	493.2549466586082	1003
Ahall_FJVB01000001.1:1381305-1385105	Ahall_FJVB01000001.1	1381305	1385105	0.4882227574315886	1619.923109158011	3318
Ahall_FJVB01000001.1:1384194-1385850	Ahall_FJVB01000001.1	1384194	1385850	0.5048025395513038	538.6243097012411	1067
Ahall_FJVB01000001.1:1385515-1386946	Ahall_FJVB01000001.1	1385515	1386946	0.48611057943982494	209.51365973856454	431
Ahall_FJVB01000001.1:1388240-1390600	Ahall_FJVB01000001.1	1388240	1390600	0.4905131604498807	827.0051885184988	1686
Ahall_FJVB01000001.1:1389775-1393944	Ahall_FJVB01000001.1	1389775	1393944	0.46386637741075815	1620.749122673189	3494
Ahall_FJVB01000001.1:1394805-1396634	Ahall_FJVB01000001.1	1394805	1396634	0.387622876994598	321.33936502852174	829
Ahall_FJVB01000001.1:140051-141781	Ahall_FJVB01000001.1	140051	141781	0.45817721028404806	334.46936350735507	730
Ahall_FJVB01000001.1:1414417-1417558	Ahall_FJVB01000001.1	1414417	1417558	0.38680017361448493	828.1391717086123	2141
Ahall_FJVB01000001.1:1421887-1424011	Ahall_FJVB01000001.1	1421887	1424011	0.44774220265896786	503.2622357886799	1124
Ahall_FJVB01000001.1:1424045-1426842	Ahall_FJVB01000001.1	1424045	1426842	0.5086439639743844	914.0332032619688	1797
Ahall_FJVB01000001.1:1427677-1430667	Ahall_FJVB01000001.1	1427677	1430667	0.49550753669073666	1026.1961084865156	2071
Ahall_FJVB01000001.1:1430087-1432402	Ahall_FJVB01000001.1	1430087	1432402	0.47758662498951293	666.2333418603705	1395
Ahall_FJVB01000001.1:1431948-1434742	Ahall_FJVB01000001.1	1431948	1434742	0.5099922909736679	914.9261700067602	1794
Ahall_FJVB01000001.1:1434847-1437720	Ahall_FJVB01000001.1	1434847	1437720	0.4872736197872082	912.6634898614409	1873
Ahall_FJVB01000001.1:1437377-1439420	Ahall_FJVB01000001.1	1437377	1439420	0.5103531528506579	645.5967383560823	1265
Ahall_FJVB01000001.1:1438699-1441892	Ahall_FJVB01000001.1	1438699	1441892	0.5159535509421405	1053.5771510238508	2042
Ahall_FJVB01000001.1:1442087-1443997	Ahall_FJVB01000001.1	1442087	1443997	0.5217283272932535	474.77277783686066	910
Ahall_FJVB01000001.1:143936-145631	Ahall_FJVB01000001.1	143936	145631	0.4595183790025564	319.3652734067767	695
Ahall_FJVB01000001.1:1444107-1447141	Ahall_FJVB01000001.1	1444107	1447141	0.48104477084211344	1164.6093902087566	2421
Ahall_FJVB01000001.1:1446255-1449362	Ahall_FJVB01000001.1	1446255	1449362	0.46586498258665593	1216.3734695337587	2611
Ahall_FJVB01000001.1:1448745-1451702	Ahall_FJVB01000001.1	1448745	1451702	0.47070264405449974	976.2372837690325	2074
Ahall_FJVB01000001.1:1459839-1462092	Ahall_FJVB01000001.1	1459839	1462092	0.5141834657814066	644.2718826241024	1253
Ahall_FJVB01000001.1:145786-147571	Ahall_FJVB01000001.1	145786	147571	0.46178687728954004	362.50269867228894	785
Ahall_FJVB01000001.1:1464487-1468773	Ahall_FJVB01000001.1	1464487	1468773	0.4945412254146323	1722.4870881191644	3483
Ahall_FJVB01000001.1:1468077-1471911	Ahall_FJVB01000001.1	1468077	1471911	0.49185405790987125	1581.3107961802361	3215
Ahall_FJVB01000001.1:1471227-1473315	Ahall_FJVB01000001.1	1471227	1473315	0.5190774598917863	660.2665289823523	1272
Ahall_FJVB01000001.1:1473202-1475712	Ahall_FJVB01000001.1	1473202	1475712	0.4725724760172578	713.5844387860593	1510
Ahall_FJVB01000001.1:147137-152031	Ahall_FJVB01000001.1	147137	152031	0.4979506307575358	1939.0197561698444	3894
Ahall_FJVB01000001.1:1481132-1485442	Ahall_FJVB01000001.1	1481132	1485442	0.46389953854207894	1535.5074725742813	3310
Ahall_FJVB01000001.1:1489546-1493302	Ahall_FJVB01000001.1	1489546	1493302	0.4856023389426589	1524.791344279949	3140
Ahall_FJVB01000001.1:1492419-1496232	Ahall_FJVB01000001.1	1492419	1496232	0.4630859509337757	1612.465281151407	3482
Ahall_FJVB01000001.1:1495447-1500259	Ahall_FJVB01000001.1	1495447	1500259	0.5143954719956401	2250.994585452921	4376
Ahall_FJVB01000001.1:1499481-1501772	Ahall_FJVB01000001.1	1499481	1501772	0.5321354322711943	1373.4415506919524	2581
Ahall_FJVB01000001.1:1500227-1504770	Ahall_FJVB01000001.1	1500227	1504770	0.5252068820197401	2441.161587627752	4648
Ahall_FJVB01000001.1:1504177-1507031	Ahall_FJVB01000001.1	1504177	1507031	0.4980441789052927	1168.4116437118166	2346
Ahall_FJVB01000001.1:1506133-1510442	Ahall_FJVB01000001.1	1506133	1510442	0.4958651634008006	1838.172160726768	3707
Ahall_FJVB01000001.1:1510663-1513342	Ahall_FJVB01000001.1	1510663	1513342	0.48219565109808016	809.6064981936765	1679
Ahall_FJVB01000001.1:1517997-1524335	Ahall_FJVB01000001.1	1517997	1524335	0.469708623819452	2714.9158456764326	5780
Ahall_FJVB01000001.1:1523394-1526032	Ahall_FJVB01000001.1	1523394	1526032	0.5012286304247937	1042.054322653146	2079
Ahall_FJVB01000001.1:1526807-1529762	Ahall_FJVB01000001.1	1526807	1529762	0.516851597693264	1010.4448734903311	1955
Ahall_FJVB01000001.1:1529587-1538133	Ahall_FJVB01000001.1	1529587	1538133	0.4860980681677014	3668.096022393475	7546
Ahall_FJVB01000001.1:1537817-1543191	Ahall_FJVB01000001.1	1537817	1543191	0.5105652662830261	2302.138785670165	4509
Ahall_FJVB01000001.1:1542557-1545897	Ahall_FJVB01000001.1	1542557	1545897	0.5193777804668857	1606.954852764544	3094
Ahall_FJVB01000001.1:1544277-1545897	Ahall_FJVB01000001.1	1544277	1545897	0.5135193944698039	893.5237463774587	1740
Ahall_FJVB01000001.1:1548467-1553299	Ahall_FJVB01000001.1	1548467	1553299	0.5149917987284015	2220.6446361168673	4312
Ahall_FJVB01000001.1:1552320-1554392	Ahall_FJVB01000001.1	1552320	1554392	0.5026253340937347	837.8764319342557	1667
Ahall_FJVB01000001.1:1553777-1557094	Ahall_FJVB01000001.1	1553777	1557094	0.5116867445642133	1244.4221627801667	2432
Ahall_FJVB01000001.1:1556667-1558949	Ahall_FJVB01000001.1	1556667	1558949	0.5214181111370125	820.7121069296578	1574
Ahall_FJVB01000001.1:1558158-1563432	Ahall_FJVB01000001.1	1558158	1563432	0.515935783480742	2487.8423479441376	4822
Ahall_FJVB01000001.1:1562676-1564962	Ahall_FJVB01000001.1	1562676	1564962	0.5068325291854281	781.5357600039301	1542
Ahall_FJVB01000001.1:1564649-1568052	Ahall_FJVB01000001.1	1564649	1568052	0.48678147183898435	1169.7358768290794	2403
Ahall_FJVB01000001.1:1572793-1575037	Ahall_FJVB01000001.1	1572793	1575037	0.46763728063263754	581.7407771070011	1244
Ahall_FJVB01000001.1:1579769-1581837	Ahall_FJVB01000001.1	1579769	1581837	0.48710743072282936	520.2307360119818	1068
Ahall_FJVB01000001.1:1581788-1583907	Ahall_FJVB01000001.1	1581788	1583907	0.44508507814935994	498.0502024491338	1119
Ahall_FJVB01000001.1:1583416-1585467	Ahall_FJVB01000001.1	1583416	1585467	0.48179323936090385	506.3646945683099	1051
Ahall_FJVB01000001.1:1585342-1587846	Ahall_FJVB01000001.1	1585342	1587846	0.46005194144621925	691.9181199351137	1504
Ahall_FJVB01000001.1:1588492-1590396	Ahall_FJVB01000001.1	1588492	1590396	0.49926441334441446	576.6503974127987	1155
Ahall_FJVB01000001.1:1589646-1591767	Ahall_FJVB01000001.1	1589646	1591767	0.49592856492340986	679.9180625099949	1371
Ahall_FJVB01000001.1:1594890-1596997	Ahall_FJVB01000001.1	1594890	1596997	0.5179817613993069	573.4058098690327	1107
Ahall_FJVB01000001.1:1597467-1599007	Ahall_FJVB01000001.1	1597467	1599007	0.5296336614269904	344.79151358897076	651
Ahall_FJVB01000001.1:1598397-1601097	Ahall_FJVB01000001.1	1598397	1601097	0.4944095860069421	972.0092460896482	1966
Ahall_FJVB01000001.1:1600442-1604328	Ahall_FJVB01000001.1	1600442	1604328	0.511508203341087	1801.5318921673086	3522
Ahall_FJVB01000001.1:1603348-1605797	Ahall_FJVB01000001.1	1603348	1605797	0.4970583716834259	1101.4813516504719	2216
Ahall_FJVB01000001.1:1605011-1608377	Ahall_FJVB01000001.1	1605011	1608377	0.5179866277538403	1373.7005368031846	2652
Ahall_FJVB01000001.1:1608782-1610876	Ahall_FJVB01000001.1	1608782	1610876	0.508987055359951	693.2403694002533	1362
Ahall_FJVB01000001.1:1610109-1617647	Ahall_FJVB01000001.1	1610109	1617647	0.5399845712973582	3672.9750539646307	6802
Ahall_FJVB01000001.1:160686-165605	Ahall_FJVB01000001.1	160686	165605	0.49412262331729356	1936.4665607804734	3919
Ahall_FJVB01000001.1:1619012-1622456	Ahall_FJVB01000001.1	1619012	1622456	0.49135875939886847	1399.8811055273763	2849
Ahall_FJVB01000001.1:1621552-1623836	Ahall_FJVB01000001.1	1621552	1623836	0.528693740931265	1111.314243437519	2102
Ahall_FJVB01000001.1:1622923-1629537	Ahall_FJVB01000001.1	1622923	1629537	0.5128573249462381	3090.9910974509776	6027
Ahall_FJVB01000001.1:1631522-1634275	Ahall_FJVB01000001.1	1631522	1634275	0.4732420770639234	829.5933610930578	1753
Ahall_FJVB01000001.1:1635042-1637821	Ahall_FJVB01000001.1	1635042	1637821	0.47317614634108957	841.7803643407983	1779
Ahall_FJVB01000001.1:1641272-1643897	Ahall_FJVB01000001.1	1641272	1643897	0.501251686542672	1007.5158899507708	2010
Ahall_FJVB01000001.1:1643013-1645787	Ahall_FJVB01000001.1	1643013	1645787	0.49531990028076667	1270.0002243198858	2564
Ahall_FJVB01000001.1:1644882-1647787	Ahall_FJVB01000001.1	1644882	1647787	0.5060978037986776	1169.0859267749454	2310
Ahall_FJVB01000001.1:1649309-1656747	Ahall_FJVB01000001.1	1649309	1656747	0.5026889858749355	3236.3116910628346	6438
Ahall_FJVB01000001.1:1656812-1659652	Ahall_FJVB01000001.1	1656812	1659652	0.5032416555215684	925.9646461596858	1840
Ahall_FJVB01000001.1:1659672-1662906	Ahall_FJVB01000001.1	1659672	1662906	0.470449449621885	1047.220474858316	2226
Ahall_FJVB01000001.1:1662856-1666097	Ahall_FJVB01000001.1	1662856	1666097	0.4941261798038501	1107.336768940428	2241
Ahall_FJVB01000001.1:1665707-1667497	Ahall_FJVB01000001.1	1665707	1667497	0.4641941071564975	366.71334465363304	790
Ahall_FJVB01000001.1:1670812-1672603	Ahall_FJVB01000001.1	1670812	1672603	0.4383715920868704	346.75192934071447	791
Ahall_FJVB01000001.1:1676374-1680107	Ahall_FJVB01000001.1	1676374	1680107	0.48709119641113646	1331.220239791636	2733
Ahall_FJVB01000001.1:16306-19493	Ahall_FJVB01000001.1	16306	19493	0.5098748859421856	1376.662192043901	2700
Ahall_FJVB01000001.1:1681363-1684097	Ahall_FJVB01000001.1	1681363	1684097	0.4777134617111313	966.4143330416186	2023
Ahall_FJVB01000001.1:1683309-1686707	Ahall_FJVB01000001.1	1683309	1686707	0.4944982658598955	1489.4287767700052	3012
Ahall_FJVB01000001.1:1685882-1690493	Ahall_FJVB01000001.1	1685882	1690493	0.48120494331607333	2111.5272912709297	4388
Ahall_FJVB01000001.1:1689542-1692274	Ahall_FJVB01000001.1	1689542	1692274	0.4842106398114797	1268.1476656662653	2619
Ahall_FJVB01000001.1:1691339-1693807	Ahall_FJVB01000001.1	1691339	1693807	0.4975088504036754	946.7593423181943	1903
Ahall_FJVB01000001.1:1693849-1696247	Ahall_FJVB01000001.1	1693849	1696247	0.4396443033082635	614.6227360249524	1398
Ahall_FJVB01000001.1:1703582-1710787	Ahall_FJVB01000001.1	1703582	1710787	0.4559598985203259	2867.98776169285	6290
Ahall_FJVB01000001.1:1710758-1719117	Ahall_FJVB01000001.1	1710758	1719117	0.48644526622433726	1476.847828257088	3036
Ahall_FJVB01000001.1:1718222-1722016	Ahall_FJVB01000001.1	1718222	1722016	0.47365846840051545	1663.9621994910108	3513
Ahall_FJVB01000001.1:1721190-1723697	Ahall_FJVB01000001.1	1721190	1723697	0.4577422143202009	949.3573525000967	2074
Ahall_FJVB01000001.1:1722957-1727007	Ahall_FJVB01000001.1	1722957	1727007	0.48728465112407643	1603.1665021982114	3290
Ahall_FJVB01000001.1:1726612-1728320	Ahall_FJVB01000001.1	1726612	1728320	0.4937894158339378	349.602906410428	708
Ahall_FJVB01000001.1:1728261-1733467	Ahall_FJVB01000001.1	1728261	1733467	0.5174584150949887	2176.4300938895226	4206
Ahall_FJVB01000001.1:1735282-1739428	Ahall_FJVB01000001.1	1735282	1739428	0.48462996991435114	1759.691420759009	3631
Ahall_FJVB01000001.1:1738444-1744877	Ahall_FJVB01000001.1	1738444	1744877	0.47476052644781913	2809.158034991746	5917
Ahall_FJVB01000001.1:1745082-1747173	Ahall_FJVB01000001.1	1745082	1747173	0.4585641252251359	500.29346062062325	1091
Ahall_FJVB01000001.1:1755350-1758739	Ahall_FJVB01000001.1	1755350	1758739	0.43017720712780944	1027.6933478283368	2389
Ahall_FJVB01000001.1:1758350-1761816	Ahall_FJVB01000001.1	1758350	1761816	0.44671496206710565	1162.799046260676	2603
Ahall_FJVB01000001.1:1761180-1762921	Ahall_FJVB01000001.1	1761180	1762921	0.4644182170275449	407.29477633315685	877
Ahall_FJVB01000001.1:1776910-1779396	Ahall_FJVB01000001.1	1776910	1779396	0.446398177692014	858.423695701743	1923
Ahall_FJVB01000001.1:1778460-1780631	Ahall_FJVB01000001.1	1778460	1780631	0.42150645849920426	699.7007211086791	1660
Ahall_FJVB01000001.1:1780079-1781645	Ahall_FJVB01000001.1	1780079	1781645	0.4293365813398245	408.2990888541731	951
Ahall_FJVB01000001.1:1780813-1782645	Ahall_FJVB01000001.1	1780813	1782645	0.4273081820420363	669.5919212598709	1567
Ahall_FJVB01000001.1:1791790-1793695	Ahall_FJVB01000001.1	1791790	1793695	0.5028733011150017	664.2956307729172	1321
Ahall_FJVB01000001.1:1792780-1801944	Ahall_FJVB01000001.1	1792780	1801944	0.4947156020374212	4464.808308387726	9025
Ahall_FJVB01000001.1:1800961-1803405	Ahall_FJVB01000001.1	1800961	1803405	0.4806880387384704	1129.136202996667	2349
Ahall_FJVB01000001.1:1802471-1804235	Ahall_FJVB01000001.1	1802471	1804235	0.47474935811538227	745.8312415992656	1571
Ahall_FJVB01000001.1:1803360-1806644	Ahall_FJVB01000001.1	1803360	1806644	0.4812338824429202	1279.6008934157248	2659
Ahall_FJVB01000001.1:1813600-1818231	Ahall_FJVB01000001.1	1813600	1818231	0.47254405578080233	1715.8074665400932	3631
Ahall_FJVB01000001.1:1822720-1826725	Ahall_FJVB01000001.1	1822720	1826725	0.5078981328286496	1526.2338891500922	3005
Ahall_FJVB01000001.1:1826556-1829175	Ahall_FJVB01000001.1	1826556	1829175	0.5166155005686414	993.4516075934974	1923
Ahall_FJVB01000001.1:1828372-1830365	Ahall_FJVB01000001.1	1828372	1830365	0.5016845074480589	650.1831216526843	1296
Ahall_FJVB01000001.1:1831502-1833405	Ahall_FJVB01000001.1	1831502	1833405	0.5198886920340791	638.9432025098831	1229
Ahall_FJVB01000001.1:1832580-1834590	Ahall_FJVB01000001.1	1832580	1834590	0.5141821340858901	686.4331490046633	1335
Ahall_FJVB01000001.1:1834543-1836345	Ahall_FJVB01000001.1	1834543	1836345	0.5104661773364209	562.5337274247357	1102
Ahall_FJVB01000001.1:1835546-1838805	Ahall_FJVB01000001.1	1835546	1838805	0.4982691029352913	1274.5723653084751	2558
Ahall_FJVB01000001.1:1839883-1842415	Ahall_FJVB01000001.1	1839883	1842415	0.4968526435570187	761.1782499293527	1532
Ahall_FJVB01000001.1:1849710-1852771	Ahall_FJVB01000001.1	1849710	1852771	0.49140282759798337	1226.0500548569685	2495
Ahall_FJVB01000001.1:1851838-1854495	Ahall_FJVB01000001.1	1851838	1854495	0.5098596933116043	1065.606759021253	2090
Ahall_FJVB01000001.1:1854520-1856155	Ahall_FJVB01000001.1	1854520	1856155	0.5097245112242391	323.6750646273918	635
Ahall_FJVB01000001.1:1861310-1865828	Ahall_FJVB01000001.1	1861310	1865828	0.5305165091802765	1864.765529768672	3515
Ahall_FJVB01000001.1:185833-189574	Ahall_FJVB01000001.1	185833	189574	0.4581024521468533	1361.9385902325948	2973
Ahall_FJVB01000001.1:1866280-1875274	Ahall_FJVB01000001.1	1866280	1875274	0.4860132983487806	3770.005155291491	7757
Ahall_FJVB01000001.1:1879061-1881205	Ahall_FJVB01000001.1	1879061	1881205	0.47830005811191095	547.1752664800262	1144
Ahall_FJVB01000001.1:1881181-1883515	Ahall_FJVB01000001.1	1881181	1883515	0.45533843968869	606.0554632256463	1331
Ahall_FJVB01000001.1:1883301-1885705	Ahall_FJVB01000001.1	1883301	1885705	0.4409990540125808	619.1626718336635	1404
Ahall_FJVB01000001.1:1886600-1890036	Ahall_FJVB01000001.1	1886600	1890036	0.46200937797798813	1125.454844754379	2436
Ahall_FJVB01000001.1:188843-192654	Ahall_FJVB01000001.1	188843	192654	0.4749716853363399	1642.9270595783996	3459
Ahall_FJVB01000001.1:1900856-1903435	Ahall_FJVB01000001.1	1900856	1903435	0.4376526848263125	691.0535893407474	1579
Ahall_FJVB01000001.1:1910310-1914137	Ahall_FJVB01000001.1	1910310	1914137	0.48118505863924665	1360.3101607731503	2827
Ahall_FJVB01000001.1:1913752-1916735	Ahall_FJVB01000001.1	1913752	1916735	0.4728994491036576	937.759607572553	1983
Ahall_FJVB01000001.1:191738-193348	Ahall_FJVB01000001.1	191738	193348	0.46658614555835043	624.7588489026313	1339
Ahall_FJVB01000001.1:1922178-1924605	Ahall_FJVB01000001.1	1922178	1924605	0.48087123356631506	686.2032502991316	1427
Ahall_FJVB01000001.1:192536-199168	Ahall_FJVB01000001.1	192536	199168	0.4916341426467712	2014.2250824238215	4097
Ahall_FJVB01000001.1:18826-21766	Ahall_FJVB01000001.1	18826	21766	0.5110716024769277	1073.7614368040252	2101
Ahall_FJVB01000001.1:1934765-1936490	Ahall_FJVB01000001.1	1934765	1936490	0.5051873077660026	366.26079813035193	725
Ahall_FJVB01000001.1:1936425-1939783	Ahall_FJVB01000001.1	1936425	1939783	0.47809619302329726	1127.350823148935	2358
Ahall_FJVB01000001.1:1939453-1942590	Ahall_FJVB01000001.1	1939453	1942590	0.4579865770626212	978.7173151828215	2137
Ahall_FJVB01000001.1:1970596-1974040	Ahall_FJVB01000001.1	1970596	1974040	0.46492407874803354	1136.274448460194	2444
Ahall_FJVB01000001.1:1974424-1977150	Ahall_FJVB01000001.1	1974424	1977150	0.46972899845653165	810.7522513359736	1726
Ahall_FJVB01000001.1:1977425-1982614	Ahall_FJVB01000001.1	1977425	1982614	0.5069213202682317	2224.877674657269	4389
Ahall_FJVB01000001.1:1981915-1985923	Ahall_FJVB01000001.1	1981915	1985923	0.5083186939161785	1630.1780513891845	3207
Ahall_FJVB01000001.1:1987465-1989500	Ahall_FJVB01000001.1	1987465	1989500	0.48926015164147	506.38425694892146	1035
Ahall_FJVB01000001.1:1990745-1994289	Ahall_FJVB01000001.1	1990745	1994289	0.4483951138135401	1140.717169541646	2544
Ahall_FJVB01000001.1:1995973-1998290	Ahall_FJVB01000001.1	1995973	1998290	0.5070044825561407	667.7249035264373	1317
Ahall_FJVB01000001.1:199150-207908	Ahall_FJVB01000001.1	199150	207908	0.5024355476499459	3896.3876720253306	7755
Ahall_FJVB01000001.1:1999966-2003120	Ahall_FJVB01000001.1	1999966	2003120	0.45517925712821933	980.4561198541844	2154
Ahall_FJVB01000001.1:2015245-2018789	Ahall_FJVB01000001.1	2015245	2018789	0.4483331664551159	1260.2645309053307	2811
Ahall_FJVB01000001.1:2018023-2021540	Ahall_FJVB01000001.1	2018023	2021540	0.4595493389148417	1278.9258102000044	2783
Ahall_FJVB01000001.1:2021104-2023430	Ahall_FJVB01000001.1	2021104	2023430	0.47951509834063544	635.8370203996826	1326
Ahall_FJVB01000001.1:2023136-2030480	Ahall_FJVB01000001.1	2023136	2030480	0.5355958916784413	3420.315364258526	6386
Ahall_FJVB01000001.1:2029915-2037036	Ahall_FJVB01000001.1	2029915	2037036	0.5047069489442012	3304.82110168663	6548
Ahall_FJVB01000001.1:2036175-2043344	Ahall_FJVB01000001.1	2036175	2043344	0.5011040029122537	3272.2091390170162	6530
Ahall_FJVB01000001.1:2042889-2044650	Ahall_FJVB01000001.1	2042889	2044650	0.48864596572541047	371.85957991703737	761
Ahall_FJVB01000001.1:2044675-2048683	Ahall_FJVB01000001.1	2044675	2048683	0.5205427233258451	1548.614601894389	2975
Ahall_FJVB01000001.1:2049255-2053208	Ahall_FJVB01000001.1	2049255	2053208	0.49244527726961385	1692.0419726983932	3436
Ahall_FJVB01000001.1:2052226-2054740	Ahall_FJVB01000001.1	2052226	2054740	0.47725957698225335	952.6101156565777	1996
Ahall_FJVB01000001.1:2054281-2057050	Ahall_FJVB01000001.1	2054281	2057050	0.5105237229720428	1100.1786230047524	2155
Ahall_FJVB01000001.1:2056165-2063734	Ahall_FJVB01000001.1	2056165	2063734	0.5114668645623316	3556.740576166454	6954
Ahall_FJVB01000001.1:2063406-2064890	Ahall_FJVB01000001.1	2063406	2064890	0.5060890053144264	244.94707857218236	484
Ahall_FJVB01000001.1:2065567-2067160	Ahall_FJVB01000001.1	2065567	2067160	0.5173767244903439	306.80439762277393	593
Ahall_FJVB01000001.1:2067941-2069490	Ahall_FJVB01000001.1	2067941	2069490	0.5131524088764745	281.7206724731845	549
Ahall_FJVB01000001.1:2070855-2073160	Ahall_FJVB01000001.1	2070855	2073160	0.4951721462780287	646.1996508928274	1305
Ahall_FJVB01000001.1:2077041-2081830	Ahall_FJVB01000001.1	2077041	2081830	0.5260377592969476	1993.1570699761344	3789
Ahall_FJVB01000001.1:2089398-2091370	Ahall_FJVB01000001.1	2089398	2091370	0.49007317962560637	476.3511305960894	972
Ahall_FJVB01000001.1:2093215-2094867	Ahall_FJVB01000001.1	2093215	2094867	0.4455482651836134	290.49746889971595	652
Ahall_FJVB01000001.1:2103229-2109611	Ahall_FJVB01000001.1	2103229	2109611	0.44433859195984765	2391.4303019279	5382
Ahall_FJVB01000001.1:210453-214734	Ahall_FJVB01000001.1	210453	214734	0.5478353675438636	1797.4478409114167	3281
Ahall_FJVB01000001.1:2109373-2111311	Ahall_FJVB01000001.1	2109373	2111311	0.4913676485404198	460.9028543309138	938
Ahall_FJVB01000001.1:2111116-2115315	Ahall_FJVB01000001.1	2111116	2115315	0.49496834095525094	1583.4037227158478	3199
Ahall_FJVB01000001.1:2115316-2122543	Ahall_FJVB01000001.1	2115316	2122543	0.5458861477051055	3541.709326310724	6488
Ahall_FJVB01000001.1:2121766-2124186	Ahall_FJVB01000001.1	2121766	2124186	0.4908668317933413	833.0010135533001	1697
Ahall_FJVB01000001.1:2129496-2133380	Ahall_FJVB01000001.1	2129496	2133380	0.4596392164486996	1325.5995002380496	2884
Ahall_FJVB01000001.1:2133799-2136601	Ahall_FJVB01000001.1	2133799	2136601	0.5053984223913477	910.7279571492086	1802
Ahall_FJVB01000001.1:2136785-2139291	Ahall_FJVB01000001.1	2136785	2139291	0.5135800492099326	771.9108139625288	1503
Ahall_FJVB01000001.1:2143373-2146201	Ahall_FJVB01000001.1	2143373	2146201	0.4856014100760777	1055.697465505393	2174
Ahall_FJVB01000001.1:2145356-2149680	Ahall_FJVB01000001.1	2145356	2149680	0.49120747402932113	1969.7419708575778	4010
Ahall_FJVB01000001.1:2148840-2152871	Ahall_FJVB01000001.1	2148840	2152871	0.5350976992956405	1687.6981435784503	3154
Ahall_FJVB01000001.1:2152592-2158191	Ahall_FJVB01000001.1	2152592	2158191	0.5381608620438663	1887.8683040498827	3508
Ahall_FJVB01000001.1:2157576-2162201	Ahall_FJVB01000001.1	2157576	2162201	0.4957815428137868	1854.2229701235626	3740
Ahall_FJVB01000001.1:215323-221047	Ahall_FJVB01000001.1	215323	221047	0.47258895458364525	2454.15444115287	5193
Ahall_FJVB01000001.1:2161756-2163645	Ahall_FJVB01000001.1	2161756	2163645	0.4574387901079229	406.66308440594344	889
Ahall_FJVB01000001.1:2163256-2165600	Ahall_FJVB01000001.1	2163256	2165600	0.47941201162128333	644.3297436190048	1344
Ahall_FJVB01000001.1:2168976-2172490	Ahall_FJVB01000001.1	2168976	2172490	0.4587719210696455	1262.0815548625947	2751
Ahall_FJVB01000001.1:2171754-2173681	Ahall_FJVB01000001.1	2171754	2173681	0.48578475029420853	564.9676645921645	1163
Ahall_FJVB01000001.1:2175591-2177111	Ahall_FJVB01000001.1	2175591	2177111	0.4433709285465134	230.55288284418697	520
Ahall_FJVB01000001.1:2196527-2201221	Ahall_FJVB01000001.1	2196527	2201221	0.49650176791934186	1834.0775306940488	3694
Ahall_FJVB01000001.1:2201116-2205509	Ahall_FJVB01000001.1	2201116	2205509	0.4914491990987018	1667.4871325418953	3393
Ahall_FJVB01000001.1:220079-223088	Ahall_FJVB01000001.1	220079	223088	0.45549607545646204	1128.2637789056564	2477
Ahall_FJVB01000001.1:2207391-2209521	Ahall_FJVB01000001.1	2207391	2209521	0.5014142270459232	566.5980765618932	1130
Ahall_FJVB01000001.1:2212186-2214632	Ahall_FJVB01000001.1	2212186	2214632	0.4992999479904708	959.1552000896944	1921
Ahall_FJVB01000001.1:2213658-2216181	Ahall_FJVB01000001.1	2213658	2216181	0.49574200129636026	1024.2029746782803	2066
Ahall_FJVB01000001.1:2215613-2218341	Ahall_FJVB01000001.1	2215613	2218341	0.5085425888777622	985.0469946562253	1937
Ahall_FJVB01000001.1:2217701-2220421	Ahall_FJVB01000001.1	2217701	2220421	0.5175688356921131	962.6780343873303	1860
Ahall_FJVB01000001.1:2223995-2226671	Ahall_FJVB01000001.1	2223995	2226671	0.47806652055953996	801.239488457789	1676
Ahall_FJVB01000001.1:2226544-2229201	Ahall_FJVB01000001.1	2226544	2229201	0.48757754301541173	807.9159887765372	1657
Ahall_FJVB01000001.1:2229236-2233401	Ahall_FJVB01000001.1	2229236	2233401	0.5270087026400359	1667.9825438557134	3165
Ahall_FJVB01000001.1:2233026-2237043	Ahall_FJVB01000001.1	2233026	2237043	0.4909173832587297	1481.0977452915874	3017
Ahall_FJVB01000001.1:2236686-2240895	Ahall_FJVB01000001.1	2236686	2240895	0.4969656867556113	1594.7628887987566	3209
Ahall_FJVB01000001.1:2245586-2247558	Ahall_FJVB01000001.1	2245586	2247558	0.5238611505536818	576.7711267596036	1101
Ahall_FJVB01000001.1:2246866-2250287	Ahall_FJVB01000001.1	2246866	2250287	0.4693457088989368	1314.167984917023	2800
Ahall_FJVB01000001.1:2249601-2255821	Ahall_FJVB01000001.1	2249601	2255821	0.4809772220688419	2600.1628625041594	5406
Ahall_FJVB01000001.1:2259277-2263491	Ahall_FJVB01000001.1	2259277	2263491	0.4807434176578642	1545.1093443523755	3214
Ahall_FJVB01000001.1:2263029-2268441	Ahall_FJVB01000001.1	2263029	2268441	0.47601580465663135	2242.51045573739	4711
Ahall_FJVB01000001.1:2267643-2270941	Ahall_FJVB01000001.1	2267643	2270941	0.5219622203386436	1355.0139239991188	2596
Ahall_FJVB01000001.1:2270876-2274379	Ahall_FJVB01000001.1	2270876	2274379	0.5106948213255009	1278.2691377777287	2503
Ahall_FJVB01000001.1:2285427-2287104	Ahall_FJVB01000001.1	2285427	2287104	0.4771158958025339	323.00746145831545	677
Ahall_FJVB01000001.1:2288439-2290834	Ahall_FJVB01000001.1	2288439	2290834	0.46850862043996083	862.5243702299679	1841
Ahall_FJVB01000001.1:2289889-2292014	Ahall_FJVB01000001.1	2289889	2292014	0.43598368250117914	684.4943815268513	1570
Ahall_FJVB01000001.1:2301379-2303559	Ahall_FJVB01000001.1	2301379	2303559	0.5094014179795423	834.3995226504902	1638
Ahall_FJVB01000001.1:2302602-2306114	Ahall_FJVB01000001.1	2302602	2306114	0.500709605039802	1539.1813258923512	3074
Ahall_FJVB01000001.1:2305484-2310434	Ahall_FJVB01000001.1	2305484	2310434	0.48062718307413116	1948.4626001825277	4054
Ahall_FJVB01000001.1:2310706-2313424	Ahall_FJVB01000001.1	2310706	2313424	0.45966922261470283	789.7117244520595	1718
Ahall_FJVB01000001.1:2313720-2317594	Ahall_FJVB01000001.1	2313720	2317594	0.5061342394025383	1454.629804042895	2874
Ahall_FJVB01000001.1:2317276-2320244	Ahall_FJVB01000001.1	2317276	2320244	0.5288380935335945	1040.753368074114	1968
Ahall_FJVB01000001.1:2319949-2323533	Ahall_FJVB01000001.1	2319949	2323533	0.5052873979698328	1333.4534432423886	2639
Ahall_FJVB01000001.1:2322979-2325640	Ahall_FJVB01000001.1	2322979	2325640	0.4839457830895522	837.2262047449253	1730
Ahall_FJVB01000001.1:2325126-2327464	Ahall_FJVB01000001.1	2325126	2327464	0.47675383372441027	644.5711831954027	1352
Ahall_FJVB01000001.1:2327966-2330704	Ahall_FJVB01000001.1	2327966	2330704	0.5071570274736747	881.4389137492468	1738
Ahall_FJVB01000001.1:2332522-2339234	Ahall_FJVB01000001.1	2332522	2339234	0.49544323150664293	2829.9717383659445	5712
Ahall_FJVB01000001.1:2338746-2341014	Ahall_FJVB01000001.1	2338746	2341014	0.43063313139250176	840.5958724781634	1952
Ahall_FJVB01000001.1:2339324-2341014	Ahall_FJVB01000001.1	2339324	2341014	0.42421512429421554	794.9791429273599	1874
Ahall_FJVB01000001.1:233493-237714	Ahall_FJVB01000001.1	233493	237714	0.4793972111348675	1544.1384170654082	3221
Ahall_FJVB01000001.1:2340580-2343024	Ahall_FJVB01000001.1	2340580	2343024	0.5185416069862795	967.5986386363975	1866
Ahall_FJVB01000001.1:2342103-2346904	Ahall_FJVB01000001.1	2342103	2346904	0.5131201580052037	2166.39330709797	4222
Ahall_FJVB01000001.1:2346839-2350256	Ahall_FJVB01000001.1	2346839	2350256	0.520478483063413	1474.5155425186492	2833
Ahall_FJVB01000001.1:2349341-2352014	Ahall_FJVB01000001.1	2349341	2352014	0.5242456026736028	1286.498708961021	2454
Ahall_FJVB01000001.1:2351149-2353517	Ahall_FJVB01000001.1	2351149	2353517	0.5067662102516082	1129.5818826508346	2229
Ahall_FJVB01000001.1:2352522-2357404	Ahall_FJVB01000001.1	2352522	2357404	0.4939871693752656	2162.1818403555376	4377
Ahall_FJVB01000001.1:2357973-2360644	Ahall_FJVB01000001.1	2357973	2360644	0.4889301871278654	817.0023426906631	1671
Ahall_FJVB01000001.1:2362887-2367004	Ahall_FJVB01000001.1	2362887	2367004	0.5004840755304931	1560.008863428547	3117
Ahall_FJVB01000001.1:2367114-2371764	Ahall_FJVB01000001.1	2367114	2371764	0.5151617062277378	1880.340227731243	3650
Ahall_FJVB01000001.1:2372059-2375079	Ahall_FJVB01000001.1	2372059	2375079	0.5068024692055761	1023.7409877952638	2020
Ahall_FJVB01000001.1:2378039-2381756	Ahall_FJVB01000001.1	2378039	2381756	0.4574962021145645	1379.351049375412	3015
Ahall_FJVB01000001.1:237564-239498	Ahall_FJVB01000001.1	237564	239498	0.49984396611952014	466.8542643556318	934
Ahall_FJVB01000001.1:2380959-2383691	Ahall_FJVB01000001.1	2380959	2383691	0.4842257771092492	982.4941017546666	2029
Ahall_FJVB01000001.1:2386139-2389912	Ahall_FJVB01000001.1	2386139	2389912	0.4415732358224261	1292.4848612522412	2927
Ahall_FJVB01000001.1:2389259-2391373	Ahall_FJVB01000001.1	2389259	2391373	0.4810009767832671	609.4282375843994	1267
Ahall_FJVB01000001.1:2395675-2398014	Ahall_FJVB01000001.1	2395675	2398014	0.495155093847402	794.7239256250801	1605
Ahall_FJVB01000001.1:239118-241828	Ahall_FJVB01000001.1	239118	241828	0.5098024247373829	871.7621463009248	1710
Ahall_FJVB01000001.1:2397249-2399813	Ahall_FJVB01000001.1	2397249	2399813	0.4921667658341757	1118.6950587410813	2273
Ahall_FJVB01000001.1:2398870-2403904	Ahall_FJVB01000001.1	2398870	2403904	0.5022078178677543	2248.384400593936	4477
Ahall_FJVB01000001.1:2403629-2405351	Ahall_FJVB01000001.1	2403629	2405351	0.49218211822802393	355.35548936063327	722
Ahall_FJVB01000001.1:2405251-2407534	Ahall_FJVB01000001.1	2405251	2407534	0.47704981155075415	612.0549082196176	1283
Ahall_FJVB01000001.1:2407732-2413494	Ahall_FJVB01000001.1	2407732	2413494	0.4963895874707262	2160.2874846726004	4352
Ahall_FJVB01000001.1:2428783-2431664	Ahall_FJVB01000001.1	2428783	2431664	0.46648724436670475	889.1246877629393	1906
Ahall_FJVB01000001.1:242443-245711	Ahall_FJVB01000001.1	242443	245711	0.5157870238895554	1259.5519123382944	2442
Ahall_FJVB01000001.1:2431140-2434684	Ahall_FJVB01000001.1	2431140	2434684	0.5039468955771741	1294.135627842183	2568
Ahall_FJVB01000001.1:2435502-2439991	Ahall_FJVB01000001.1	2435502	2439991	0.5058882203481323	1765.0440007946336	3489
Ahall_FJVB01000001.1:2439846-2442695	Ahall_FJVB01000001.1	2439846	2442695	0.47369052329361233	875.8537775698892	1849
Ahall_FJVB01000001.1:2442506-2445290	Ahall_FJVB01000001.1	2442506	2445290	0.4719866662375703	842.0242125678254	1784
Ahall_FJVB01000001.1:2446206-2448978	Ahall_FJVB01000001.1	2446206	2448978	0.4742673930533364	840.401820490512	1772
Ahall_FJVB01000001.1:2448637-2451671	Ahall_FJVB01000001.1	2448637	2451671	0.5211938870431825	1060.1083662458332	2034
Ahall_FJVB01000001.1:2451362-2456181	Ahall_FJVB01000001.1	2451362	2456181	0.49275916775017325	1881.8472616379117	3819
Ahall_FJVB01000001.1:245038-246858	Ahall_FJVB01000001.1	245038	246858	0.4942126992693241	495.20112466786276	1002
Ahall_FJVB01000001.1:2455939-2460631	Ahall_FJVB01000001.1	2455939	2460631	0.4979559197880813	1881.2774649593712	3778
Ahall_FJVB01000001.1:2460046-2465701	Ahall_FJVB01000001.1	2460046	2465701	0.4845247443504743	2404.696306211404	4963
Ahall_FJVB01000001.1:2464976-2468184	Ahall_FJVB01000001.1	2464976	2468184	0.5244956817114792	1524.1844510535584	2906
Ahall_FJVB01000001.1:2467212-2474131	Ahall_FJVB01000001.1	2467212	2474131	0.5504131836493662	3475.308841562098	6314
Ahall_FJVB01000001.1:246350-247978	Ahall_FJVB01000001.1	246350	247978	0.543278230812266	345.52495479660115	636
Ahall_FJVB01000001.1:2474402-2476901	Ahall_FJVB01000001.1	2474402	2476901	0.5047806975026322	756.6662655564456	1499
Ahall_FJVB01000001.1:2478596-2483977	Ahall_FJVB01000001.1	2478596	2483977	0.49360367714258935	2238.4926758416427	4535
Ahall_FJVB01000001.1:247494-250378	Ahall_FJVB01000001.1	247494	250378	0.49581779589698644	934.1207274699225	1884
Ahall_FJVB01000001.1:2483324-2487431	Ahall_FJVB01000001.1	2483324	2487431	0.5020462424404267	1775.235513269349	3536
Ahall_FJVB01000001.1:2486656-2490428	Ahall_FJVB01000001.1	2486656	2490428	0.5079671941315588	1782.4568842076399	3509
Ahall_FJVB01000001.1:2489467-2493231	Ahall_FJVB01000001.1	2489467	2493231	0.5013093704730299	1616.7227197755215	3225
Ahall_FJVB01000001.1:2495276-2499111	Ahall_FJVB01000001.1	2495276	2499111	0.4824163184603399	1367.6502628350636	2835
Ahall_FJVB01000001.1:2499196-2500964	Ahall_FJVB01000001.1	2499196	2500964	0.4918390944064863	377.7324245041815	768
Ahall_FJVB01000001.1:2503986-2507245	Ahall_FJVB01000001.1	2503986	2507245	0.4949261306846976	1118.038129216732	2259
Ahall_FJVB01000001.1:250023-252461	Ahall_FJVB01000001.1	250023	252461	0.5185177420392423	745.6285130524303	1438
Ahall_FJVB01000001.1:2507716-2511215	Ahall_FJVB01000001.1	2507716	2511215	0.39682047303153856	990.4639006867202	2496
Ahall_FJVB01000001.1:2515476-2516981	Ahall_FJVB01000001.1	2515476	2516981	0.4760112950747831	240.38570401276547	505
Ahall_FJVB01000001.1:2518228-2524481	Ahall_FJVB01000001.1	2518228	2524481	0.5138544137126424	2358.5917589410287	4590
Ahall_FJVB01000001.1:2525025-2528821	Ahall_FJVB01000001.1	2525025	2528821	0.4900737539541042	1544.2223987093823	3151
Ahall_FJVB01000001.1:2527967-2530791	Ahall_FJVB01000001.1	2527967	2530791	0.4883477759924014	1063.6214561114502	2178
Ahall_FJVB01000001.1:2530676-2532699	Ahall_FJVB01000001.1	2530676	2532699	0.4700884139123906	648.722011199099	1380
Ahall_FJVB01000001.1:2531800-2533921	Ahall_FJVB01000001.1	2531800	2533921	0.506374301516841	822.8582399648667	1625
Ahall_FJVB01000001.1:252828-254708	Ahall_FJVB01000001.1	252828	254708	0.482383346787002	423.05019513220077	877
Ahall_FJVB01000001.1:2533317-2536671	Ahall_FJVB01000001.1	2533317	2536671	0.5068130632455542	1245.7465094575723	2458
Ahall_FJVB01000001.1:2539146-2544022	Ahall_FJVB01000001.1	2539146	2544022	0.5184460792484322	2009.4970031669234	3876
Ahall_FJVB01000001.1:2544116-2546948	Ahall_FJVB01000001.1	2544116	2546948	0.4828075759069949	884.5034790616147	1832
Ahall_FJVB01000001.1:254273-258051	Ahall_FJVB01000001.1	254273	258051	0.4688255100905675	1489.458645557733	3177
Ahall_FJVB01000001.1:2556746-2558848	Ahall_FJVB01000001.1	2556746	2558848	0.4380465541314989	482.72730265291176	1102
Ahall_FJVB01000001.1:2558586-2561301	Ahall_FJVB01000001.1	2558586	2561301	0.45583486943106655	923.9772803367719	2027
Ahall_FJVB01000001.1:2560490-2562621	Ahall_FJVB01000001.1	2560490	2562621	0.4894269846875679	705.753711919473	1442
Ahall_FJVB01000001.1:2570806-2573510	Ahall_FJVB01000001.1	2570806	2573510	0.4807340635778309	819.1708443366239	1704
Ahall_FJVB01000001.1:257153-259275	Ahall_FJVB01000001.1	257153	259275	0.48101795410077797	731.1472902331825	1520
Ahall_FJVB01000001.1:2576456-2579477	Ahall_FJVB01000001.1	2576456	2579477	0.46197021826815676	933.6418111199448	2021
Ahall_FJVB01000001.1:2580646-2582695	Ahall_FJVB01000001.1	2580646	2582695	0.5336512519169572	559.8001632608881	1049
Ahall_FJVB01000001.1:2582536-2586021	Ahall_FJVB01000001.1	2582536	2586021	0.48000897871503173	1192.8223121068538	2485
Ahall_FJVB01000001.1:2586776-2602915	Ahall_FJVB01000001.1	2586776	2602915	0.5186111760821509	7896.373767026829	15226
Ahall_FJVB01000001.1:2602326-2604543	Ahall_FJVB01000001.1	2602326	2604543	0.5241470711838919	682.9636337526111	1303
Ahall_FJVB01000001.1:2606376-2611973	Ahall_FJVB01000001.1	2606376	2611973	0.5438911638349283	2500.2676801491652	4597
Ahall_FJVB01000001.1:2612266-2615041	Ahall_FJVB01000001.1	2612266	2615041	0.4949088766202216	878.4632560008934	1775
Ahall_FJVB01000001.1:2616867-2618991	Ahall_FJVB01000001.1	2616867	2618991	0.4760740555594088	530.8225719487408	1115
Ahall_FJVB01000001.1:2628984-2633099	Ahall_FJVB01000001.1	2628984	2633099	0.49861157844692033	1553.1750668621569	3115
Ahall_FJVB01000001.1:2634970-2636769	Ahall_FJVB01000001.1	2634970	2636769	0.47666051867826176	380.85175442393114	799
Ahall_FJVB01000001.1:2637544-2643549	Ahall_FJVB01000001.1	2637544	2643549	0.4737754013045473	2501.5341188880097	5280
Ahall_FJVB01000001.1:263723-267492	Ahall_FJVB01000001.1	263723	267492	0.4850064707432298	1342.9829174880033	2769
Ahall_FJVB01000001.1:2642775-2649459	Ahall_FJVB01000001.1	2642775	2649459	0.474727998295925	1054.3708842152494	2221
Ahall_FJVB01000001.1:2649039-2650759	Ahall_FJVB01000001.1	2649039	2650759	0.44426486640451357	319.87070381124977	720
Ahall_FJVB01000001.1:2652033-2653739	Ahall_FJVB01000001.1	2652033	2653739	0.4308474545939147	304.1783029433038	706
Ahall_FJVB01000001.1:2654967-2656959	Ahall_FJVB01000001.1	2654967	2656959	0.4601052227243291	456.42438094253447	992
Ahall_FJVB01000001.1:2657304-2661273	Ahall_FJVB01000001.1	2657304	2661273	0.5020274682369756	1490.5195531955808	2969
Ahall_FJVB01000001.1:2660923-2663419	Ahall_FJVB01000001.1	2660923	2663419	0.513365524446528	930.2183302971088	1812
Ahall_FJVB01000001.1:2662604-2666584	Ahall_FJVB01000001.1	2662604	2666584	0.512319770360421	1685.532044485785	3290
Ahall_FJVB01000001.1:2669851-2672289	Ahall_FJVB01000001.1	2669851	2672289	0.5445120784138278	783.0083687590843	1438
Ahall_FJVB01000001.1:2672864-2675850	Ahall_FJVB01000001.1	2672864	2675850	0.5076672717279476	1235.1544721140965	2433
Ahall_FJVB01000001.1:2674862-2676309	Ahall_FJVB01000001.1	2674862	2676309	0.51043768917187	477.2592393756985	935
Ahall_FJVB01000001.1:2676394-2678136	Ahall_FJVB01000001.1	2676394	2678136	0.5412646235191043	443.2957266621465	819
Ahall_FJVB01000001.1:2677560-2684769	Ahall_FJVB01000001.1	2677560	2684769	0.5157773649961724	3233.9240785260013	6270
Ahall_FJVB01000001.1:2684564-2686181	Ahall_FJVB01000001.1	2684564	2686181	0.5041764005060944	536.4436901384844	1064
Ahall_FJVB01000001.1:2685235-2690239	Ahall_FJVB01000001.1	2685235	2690239	0.5019039947240899	2233.4727765222	4450
Ahall_FJVB01000001.1:2690224-2693079	Ahall_FJVB01000001.1	2690224	2693079	0.5143208825621353	1178.823462832414	2292
Ahall_FJVB01000001.1:2692143-2698689	Ahall_FJVB01000001.1	2692143	2698689	0.5284165355573139	3160.9877157038522	5982
Ahall_FJVB01000001.1:2698524-2700239	Ahall_FJVB01000001.1	2698524	2700239	0.5026635036246605	402.63346640335305	801
Ahall_FJVB01000001.1:2699654-2702202	Ahall_FJVB01000001.1	2699654	2702202	0.4984702259376198	814.0018789561332	1633
Ahall_FJVB01000001.1:269703-272065	Ahall_FJVB01000001.1	269703	272065	0.48176200182047785	656.1598464794909	1362
Ahall_FJVB01000001.1:2701854-2706031	Ahall_FJVB01000001.1	2701854	2706031	0.49941142647322007	1758.4276326122078	3521
Ahall_FJVB01000001.1:2705188-2709509	Ahall_FJVB01000001.1	2705188	2709509	0.503423925574932	1939.692385240213	3853
Ahall_FJVB01000001.1:2708821-2711129	Ahall_FJVB01000001.1	2708821	2711129	0.4951678594350128	740.7711177147792	1496
Ahall_FJVB01000001.1:2711263-2712769	Ahall_FJVB01000001.1	2711263	2712769	0.4423403123137988	223.82419803078218	506
Ahall_FJVB01000001.1:2712452-2714089	Ahall_FJVB01000001.1	2712452	2714089	0.48690296453831217	310.15718841090484	637
Ahall_FJVB01000001.1:2717075-2721199	Ahall_FJVB01000001.1	2717075	2721199	0.48252818073592446	1507.418036619028	3124
Ahall_FJVB01000001.1:271776-274688	Ahall_FJVB01000001.1	271776	274688	0.5462585776803083	1044.4464005247494	1912
Ahall_FJVB01000001.1:2723594-2731514	Ahall_FJVB01000001.1	2723594	2731514	0.48469107426313024	3351.1540874552825	6914
Ahall_FJVB01000001.1:2731074-2736245	Ahall_FJVB01000001.1	2731074	2736245	0.5111674169847165	2293.097032593438	4486
Ahall_FJVB01000001.1:2735431-2741749	Ahall_FJVB01000001.1	2735431	2741749	0.5291272021043633	3193.2826646998324	6035
Ahall_FJVB01000001.1:2740847-2743879	Ahall_FJVB01000001.1	2740847	2743879	0.5103741783743596	1413.2260999186017	2769
Ahall_FJVB01000001.1:2743045-2746399	Ahall_FJVB01000001.1	2743045	2746399	0.48633463037291735	1494.992653766348	3074
Ahall_FJVB01000001.1:2745514-2750071	Ahall_FJVB01000001.1	2745514	2750071	0.5105370536462278	2210.6254422881666	4330
Ahall_FJVB01000001.1:2749184-2751848	Ahall_FJVB01000001.1	2749184	2751848	0.5101904995631485	1212.212626962041	2376
Ahall_FJVB01000001.1:274613-277022	Ahall_FJVB01000001.1	274613	277022	0.45012220807795333	628.8207246849008	1397
Ahall_FJVB01000001.1:2751024-2754164	Ahall_FJVB01000001.1	2751024	2754164	0.5136357019804593	1492.1117142532341	2905
Ahall_FJVB01000001.1:2753224-2757111	Ahall_FJVB01000001.1	2753224	2757111	0.5180066378286505	1888.134194885431	3645
Ahall_FJVB01000001.1:2756294-2760227	Ahall_FJVB01000001.1	2756294	2760227	0.5037706704329066	1664.4582951103232	3304
Ahall_FJVB01000001.1:2759674-2761367	Ahall_FJVB01000001.1	2759674	2761367	0.5458940894579267	407.23699073561335	746
Ahall_FJVB01000001.1:2761824-2764800	Ahall_FJVB01000001.1	2761824	2764800	0.5008176340827146	989.6156449474441	1976
Ahall_FJVB01000001.1:2766344-2768453	Ahall_FJVB01000001.1	2766344	2768453	0.5034330978780924	558.3073055468045	1109
Ahall_FJVB01000001.1:2768658-2773029	Ahall_FJVB01000001.1	2768658	2773029	0.4994664032696531	1683.7012454220005	3371
Ahall_FJVB01000001.1:2773024-2778497	Ahall_FJVB01000001.1	2773024	2778497	0.5015505319059809	2273.0270105979052	4532
Ahall_FJVB01000001.1:2777939-2780769	Ahall_FJVB01000001.1	2777939	2780769	0.5420437153679807	1023.3785346147475	1888
Ahall_FJVB01000001.1:2781250-2784579	Ahall_FJVB01000001.1	2781250	2784579	0.511742685746281	1205.1540249324917	2355
Ahall_FJVB01000001.1:2784054-2787597	Ahall_FJVB01000001.1	2784054	2787597	0.49719990517699925	1504.5269130655997	3026
Ahall_FJVB01000001.1:2786640-2790359	Ahall_FJVB01000001.1	2786640	2790359	0.4978001990113498	1636.7670543493182	3288
Ahall_FJVB01000001.1:2789748-2793669	Ahall_FJVB01000001.1	2789748	2793669	0.5149155994173509	1561.224097433408	3032
Ahall_FJVB01000001.1:2793224-2794926	Ahall_FJVB01000001.1	2793224	2794926	0.47951398765108577	553.838655737004	1155
Ahall_FJVB01000001.1:2793974-2797748	Ahall_FJVB01000001.1	2793974	2797748	0.5032938968537172	2060.9885076159717	4095
Ahall_FJVB01000001.1:2796025-2797589	Ahall_FJVB01000001.1	2796025	2797589	0.5230609602940655	1011.0768362484285	1933
Ahall_FJVB01000001.1:2796944-2800144	Ahall_FJVB01000001.1	2796944	2800144	0.5080761071886872	1345.8936079428324	2649
Ahall_FJVB01000001.1:2801213-2804299	Ahall_FJVB01000001.1	2801213	2804299	0.5131803191305403	1059.2041786854352	2064
Ahall_FJVB01000001.1:2804613-2808906	Ahall_FJVB01000001.1	2804613	2808906	0.526384197222798	1803.9186438825286	3427
Ahall_FJVB01000001.1:280273-283979	Ahall_FJVB01000001.1	280273	283979	0.5103378834080136	1380.9743125020848	2706
Ahall_FJVB01000001.1:2808273-2812325	Ahall_FJVB01000001.1	2808273	2812325	0.4837819149425118	1540.8453990919002	3185
Ahall_FJVB01000001.1:2812063-2814707	Ahall_FJVB01000001.1	2812063	2814707	0.5121633476243295	957.2332967098719	1869
Ahall_FJVB01000001.1:2813983-2816559	Ahall_FJVB01000001.1	2813983	2816559	0.5167256844533259	1135.246328743957	2197
Ahall_FJVB01000001.1:2815663-2819237	Ahall_FJVB01000001.1	2815663	2819237	0.5041109034902652	1570.3054643721762	3115
Ahall_FJVB01000001.1:2818593-2821765	Ahall_FJVB01000001.1	2818593	2821765	0.5258965763577654	1303.6976127909004	2479
Ahall_FJVB01000001.1:2821103-2824378	Ahall_FJVB01000001.1	2821103	2824378	0.4951308411345206	1206.6338598448267	2437
Ahall_FJVB01000001.1:2823893-2827134	Ahall_FJVB01000001.1	2823893	2827134	0.48503947343005477	1086.9734599567528	2241
Ahall_FJVB01000001.1:2827413-2830276	Ahall_FJVB01000001.1	2827413	2830276	0.4864626629281878	1054.164590565383	2167
Ahall_FJVB01000001.1:2829473-2831298	Ahall_FJVB01000001.1	2829473	2831298	0.5039352189557863	568.438926982127	1128
Ahall_FJVB01000001.1:2834733-2837672	Ahall_FJVB01000001.1	2834733	2837672	0.5070196998511238	983.1111980113291	1939
Ahall_FJVB01000001.1:2837683-2847473	Ahall_FJVB01000001.1	2837683	2847473	0.49459071091644086	4412.243732085569	8921
Ahall_FJVB01000001.1:283713-286818	Ahall_FJVB01000001.1	283713	286818	0.517183889218221	1088.6720868043553	2105
Ahall_FJVB01000001.1:2846843-2850260	Ahall_FJVB01000001.1	2846843	2850260	0.5057834971856848	1481.439863256871	2929
Ahall_FJVB01000001.1:2849379-2854278	Ahall_FJVB01000001.1	2849379	2854278	0.5415536690147488	2317.849703383125	4280
Ahall_FJVB01000001.1:2855093-2862097	Ahall_FJVB01000001.1	2855093	2862097	0.5044658257854817	3028.8128180160325	6004
Ahall_FJVB01000001.1:2863213-2877370	Ahall_FJVB01000001.1	2863213	2877370	0.5255756630690585	6965.454262654232	13253
Ahall_FJVB01000001.1:28156-31606	Ahall_FJVB01000001.1	28156	31606	0.4867334773781025	1426.1290887178404	2930
Ahall_FJVB01000001.1:2876728-2879708	Ahall_FJVB01000001.1	2876728	2879708	0.5352793264830404	1176.5439596097228	2198
Ahall_FJVB01000001.1:2879133-2883180	Ahall_FJVB01000001.1	2879133	2883180	0.48119685926051253	1731.8274964785846	3599
Ahall_FJVB01000001.1:2882204-2884868	Ahall_FJVB01000001.1	2882204	2884868	0.4726056281910556	1011.376044328859	2140
Ahall_FJVB01000001.1:2888033-2895422	Ahall_FJVB01000001.1	2888033	2895422	0.5086509932501052	3249.771195874922	6389
Ahall_FJVB01000001.1:2895963-2900731	Ahall_FJVB01000001.1	2895963	2900731	0.5161162377370451	2062.916602234969	3997
Ahall_FJVB01000001.1:2900003-2901372	Ahall_FJVB01000001.1	2900003	2901372	0.533978193485768	435.72620588438673	816
Ahall_FJVB01000001.1:2900654-2904578	Ahall_FJVB01000001.1	2900654	2904578	0.5091915182416907	1599.8797503153924	3142
Ahall_FJVB01000001.1:2904173-2906797	Ahall_FJVB01000001.1	2904173	2906797	0.5028841526728346	816.6838639406833	1624
Ahall_FJVB01000001.1:2907143-2910622	Ahall_FJVB01000001.1	2907143	2910622	0.5403049994368119	1603.0849333290207	2967
Ahall_FJVB01000001.1:2909635-2911888	Ahall_FJVB01000001.1	2909635	2911888	0.5177080011290077	1095.4701303889804	2116
Ahall_FJVB01000001.1:2911013-2914712	Ahall_FJVB01000001.1	2911013	2914712	0.497521874782662	1527.889677457555	3071
Ahall_FJVB01000001.1:290783-293750	Ahall_FJVB01000001.1	290783	293750	0.43671101455795447	897.4411349165964	2055
Ahall_FJVB01000001.1:2914653-2920493	Ahall_FJVB01000001.1	2914653	2920493	0.4986888632812123	2413.6540982810675	4840
Ahall_FJVB01000001.1:2920923-2926918	Ahall_FJVB01000001.1	2920923	2926918	0.5201092796071515	2597.9458516377217	4995
Ahall_FJVB01000001.1:2932843-2936253	Ahall_FJVB01000001.1	2932843	2936253	0.4682345310163553	1238.4803345382597	2645
Ahall_FJVB01000001.1:2935519-2939858	Ahall_FJVB01000001.1	2935519	2939858	0.498666295606096	1781.734674200581	3573
Ahall_FJVB01000001.1:293163-295663	Ahall_FJVB01000001.1	293163	295663	0.44737659731394047	708.6445301452817	1584
Ahall_FJVB01000001.1:2943423-2947062	Ahall_FJVB01000001.1	2943423	2947062	0.4926615095626402	1334.6200294051923	2709
Ahall_FJVB01000001.1:2946493-2949124	Ahall_FJVB01000001.1	2946493	2949124	0.4864934837939302	827.0389224496813	1700
Ahall_FJVB01000001.1:2950763-2952398	Ahall_FJVB01000001.1	2950763	2952398	0.46058127607382265	292.4691103068774	635
Ahall_FJVB01000001.1:2956313-2958109	Ahall_FJVB01000001.1	2956313	2958109	0.4792468349854136	381.48048064838923	796
Ahall_FJVB01000001.1:296113-298257	Ahall_FJVB01000001.1	296113	298257	0.4395696502267013	502.8676798593463	1144
Ahall_FJVB01000001.1:2968110-2969912	Ahall_FJVB01000001.1	2968110	2969912	0.38600156856006324	309.5732579851707	802
Ahall_FJVB01000001.1:2969550-2972835	Ahall_FJVB01000001.1	2969550	2972835	0.44990003826821123	1028.0215874428627	2285
Ahall_FJVB01000001.1:2972370-2974062	Ahall_FJVB01000001.1	2972370	2974062	0.4828685615830079	334.14504461544146	692
Ahall_FJVB01000001.1:2979330-2984912	Ahall_FJVB01000001.1	2979330	2984912	0.4414944212774381	2022.9274382932215	4582
Ahall_FJVB01000001.1:2986932-2990915	Ahall_FJVB01000001.1	2986932	2990915	0.5044368980217047	1504.735266798745	2983
Ahall_FJVB01000001.1:2993700-2997397	Ahall_FJVB01000001.1	2993700	2997397	0.508560749362804	1594.3379492523907	3135
Ahall_FJVB01000001.1:2996460-3001505	Ahall_FJVB01000001.1	2996460	3001505	0.48897546337875436	2310.4090644646144	4725
Ahall_FJVB01000001.1:3000760-3003416	Ahall_FJVB01000001.1	3000760	3003416	0.4917143369094763	933.273811454186	1898
Ahall_FJVB01000001.1:3005470-3009440	Ahall_FJVB01000001.1	3005470	3009440	0.5197374149716957	1542.0609102210212	2967
Ahall_FJVB01000001.1:3012870-3014824	Ahall_FJVB01000001.1	3012870	3014824	0.36911571863054393	343.27761832640584	930
Ahall_FJVB01000001.1:3023530-3027379	Ahall_FJVB01000001.1	3023530	3027379	0.44001155216934545	1434.8776716242355	3261
Ahall_FJVB01000001.1:3026463-3027875	Ahall_FJVB01000001.1	3026463	3027875	0.45786518805102366	379.1123757062476	828
Ahall_FJVB01000001.1:3028070-3030613	Ahall_FJVB01000001.1	3028070	3030613	0.45106135930024255	691.928125166572	1534
Ahall_FJVB01000001.1:3035500-3038644	Ahall_FJVB01000001.1	3035500	3038644	0.46441351648255297	1207.0107293381552	2599
Ahall_FJVB01000001.1:3037690-3039735	Ahall_FJVB01000001.1	3037690	3039735	0.4411585287595329	661.2966346105397	1499
Ahall_FJVB01000001.1:3045099-3047615	Ahall_FJVB01000001.1	3045099	3047615	0.4792467040494456	726.5380033389595	1516
Ahall_FJVB01000001.1:304063-307068	Ahall_FJVB01000001.1	304063	307068	0.43000442439355263	862.158870909073	2005
Ahall_FJVB01000001.1:3050560-3059956	Ahall_FJVB01000001.1	3050560	3059956	0.49951991686269853	4193.969221979217	8396
Ahall_FJVB01000001.1:3059459-3064625	Ahall_FJVB01000001.1	3059459	3064625	0.5181204671226077	2222.2186834888644	4289
Ahall_FJVB01000001.1:3064000-3069954	Ahall_FJVB01000001.1	3064000	3069954	0.5050792287216674	2645.099920815372	5237
Ahall_FJVB01000001.1:3069105-3071165	Ahall_FJVB01000001.1	3069105	3071165	0.5146547247604216	877.4863057165188	1705
Ahall_FJVB01000001.1:3070370-3072198	Ahall_FJVB01000001.1	3070370	3072198	0.4983476904290979	559.6444563518769	1123
Ahall_FJVB01000001.1:3072012-3084935	Ahall_FJVB01000001.1	3072012	3084935	0.5192078171485903	6264.242313897743	12065
Ahall_FJVB01000001.1:307024-316248	Ahall_FJVB01000001.1	307024	316248	0.4924339206169894	4049.7765631541206	8224
Ahall_FJVB01000001.1:3084220-3087599	Ahall_FJVB01000001.1	3084220	3087599	0.5034056108676503	1305.834154590685	2594
Ahall_FJVB01000001.1:3088616-3090985	Ahall_FJVB01000001.1	3088616	3090985	0.4628567555255233	633.6508983144414	1369
Ahall_FJVB01000001.1:3099990-3106984	Ahall_FJVB01000001.1	3099990	3106984	0.49506613982774117	2967.4264421274806	5994
Ahall_FJVB01000001.1:3107185-3108895	Ahall_FJVB01000001.1	3107185	3108895	0.4699578426973749	333.6700683151362	710
Ahall_FJVB01000001.1:30627-33181	Ahall_FJVB01000001.1	30627	33181	0.46686996828546773	949.1466455243559	2033
Ahall_FJVB01000001.1:3114870-3116784	Ahall_FJVB01000001.1	3114870	3116784	0.44491187444218316	406.6494532401554	914
Ahall_FJVB01000001.1:3120117-3125818	Ahall_FJVB01000001.1	3120117	3125818	0.485880124005889	2284.122462951684	4701
Ahall_FJVB01000001.1:3126333-3130865	Ahall_FJVB01000001.1	3126333	3130865	0.5067013791295423	1789.6692710855434	3532
Ahall_FJVB01000001.1:3131303-3133597	Ahall_FJVB01000001.1	3131303	3133597	0.49940139765560737	806.0338558161503	1614
Ahall_FJVB01000001.1:3132778-3135958	Ahall_FJVB01000001.1	3132778	3135958	0.5172926750573705	1292.7143949683689	2499
Ahall_FJVB01000001.1:3136713-3147994	Ahall_FJVB01000001.1	3136713	3147994	0.5110978609253084	5460.05844826507	10683
Ahall_FJVB01000001.1:3147093-3151388	Ahall_FJVB01000001.1	3147093	3151388	0.4907171719540668	1813.6906675422308	3696
Ahall_FJVB01000001.1:3169595-3171558	Ahall_FJVB01000001.1	3169595	3171558	0.46007451777576414	443.0517606180609	963
Ahall_FJVB01000001.1:3174359-3180718	Ahall_FJVB01000001.1	3174359	3180718	0.5198547414827422	2818.6524083194286	5422
Ahall_FJVB01000001.1:3180156-3184148	Ahall_FJVB01000001.1	3180156	3184148	0.5262815260129814	1607.2637804436451	3054
Ahall_FJVB01000001.1:3184355-3188328	Ahall_FJVB01000001.1	3184355	3188328	0.4796271528436993	1425.9315254043179	2973
Ahall_FJVB01000001.1:3188083-3194328	Ahall_FJVB01000001.1	3188083	3194328	0.4711708575393321	2471.291147793797	5245
Ahall_FJVB01000001.1:319983-325771	Ahall_FJVB01000001.1	319983	325771	0.4992999403370327	2390.6481143337123	4788
Ahall_FJVB01000001.1:3211773-3213994	Ahall_FJVB01000001.1	3211773	3213994	0.47766340327066004	583.2270153934759	1221
Ahall_FJVB01000001.1:3214894-3219258	Ahall_FJVB01000001.1	3214894	3219258	0.4734926585425615	1592.829303337177	3364
Ahall_FJVB01000001.1:3219361-3232288	Ahall_FJVB01000001.1	3219361	3232288	0.5188324474686475	6250.374494654797	12047
Ahall_FJVB01000001.1:3231669-3234128	Ahall_FJVB01000001.1	3231669	3234128	0.5001342028063256	877.2353917222952	1754
Ahall_FJVB01000001.1:3233453-3236528	Ahall_FJVB01000001.1	3233453	3236528	0.5002309074877921	1138.5255454422147	2276
Ahall_FJVB01000001.1:3236003-3240488	Ahall_FJVB01000001.1	3236003	3240488	0.489262383590554	1717.3109664028445	3510
Ahall_FJVB01000001.1:3242248-3246358	Ahall_FJVB01000001.1	3242248	3246358	0.4955507711530029	1541.162898285839	3110
Ahall_FJVB01000001.1:3247641-3249338	Ahall_FJVB01000001.1	3247641	3249338	0.4577861317459303	319.07693382691343	697
Ahall_FJVB01000001.1:3249783-3254137	Ahall_FJVB01000001.1	3249783	3254137	0.5181003807158308	1808.1703286982493	3490
Ahall_FJVB01000001.1:3253502-3262738	Ahall_FJVB01000001.1	3253502	3262738	0.4854470299492445	4058.337170375684	8360
Ahall_FJVB01000001.1:325363-328573	Ahall_FJVB01000001.1	325363	328573	0.499611767359662	1104.142005864853	2210
Ahall_FJVB01000001.1:3264804-3269308	Ahall_FJVB01000001.1	3264804	3269308	0.49704982366112144	1741.6625821085695	3504
Ahall_FJVB01000001.1:3269124-3276168	Ahall_FJVB01000001.1	3269124	3276168	0.4817656740383213	2911.791733887614	6044
Ahall_FJVB01000001.1:3276263-3279530	Ahall_FJVB01000001.1	3276263	3279530	0.4954861160848005	1265.9670265966652	2555
Ahall_FJVB01000001.1:3278743-3281376	Ahall_FJVB01000001.1	3278743	3281376	0.5100353854466284	1142.4792634004477	2240
Ahall_FJVB01000001.1:3280557-3284178	Ahall_FJVB01000001.1	3280557	3284178	0.503771166093707	1549.096335738149	3075
Ahall_FJVB01000001.1:3283544-3286258	Ahall_FJVB01000001.1	3283544	3286258	0.5132071062400417	948.406732331597	1848
Ahall_FJVB01000001.1:3287563-3291080	Ahall_FJVB01000001.1	3287563	3291080	0.49627614167196765	1495.7762909993105	3014
Ahall_FJVB01000001.1:3290084-3293398	Ahall_FJVB01000001.1	3290084	3293398	0.5119501099347716	1438.5798089167083	2810
Ahall_FJVB01000001.1:3294550-3301488	Ahall_FJVB01000001.1	3294550	3301488	0.4905280579354301	2911.2840238467775	5935
Ahall_FJVB01000001.1:329433-332644	Ahall_FJVB01000001.1	329433	332644	0.5089681635204324	1125.328609543676	2211
Ahall_FJVB01000001.1:3305154-3308405	Ahall_FJVB01000001.1	3305154	3308405	0.5037126860805915	1133.8572563674115	2251
Ahall_FJVB01000001.1:3313890-3318717	Ahall_FJVB01000001.1	3313890	3318717	0.48132186261897475	2013.3693513351714	4183
Ahall_FJVB01000001.1:3317862-3319955	Ahall_FJVB01000001.1	3317862	3319955	0.4594029803034753	665.2155154794323	1448
Ahall_FJVB01000001.1:332333-335316	Ahall_FJVB01000001.1	332333	335316	0.504459728654058	1128.4764129991277	2237
Ahall_FJVB01000001.1:3328300-3330572	Ahall_FJVB01000001.1	3328300	3330572	0.48686291307198276	619.2896254275621	1272
Ahall_FJVB01000001.1:3330351-3334625	Ahall_FJVB01000001.1	3330351	3334625	0.4900074445901158	1604.2843735880392	3274
Ahall_FJVB01000001.1:3338730-3341610	Ahall_FJVB01000001.1	3338730	3341610	0.4963927164477726	1097.5242960660253	2211
Ahall_FJVB01000001.1:3340780-3345275	Ahall_FJVB01000001.1	3340780	3345275	0.5052686379799588	2056.9486252164124	4071
Ahall_FJVB01000001.1:32936-36980	Ahall_FJVB01000001.1	32936	36980	0.5179867179070232	1576.7515693089786	3044
Ahall_FJVB01000001.1:3344530-3349384	Ahall_FJVB01000001.1	3344530	3349384	0.5110089942918816	2336.844130896775	4573
Ahall_FJVB01000001.1:3348411-3353735	Ahall_FJVB01000001.1	3348411	3353735	0.5087927515830324	2440.6788293438062	4797
Ahall_FJVB01000001.1:334563-340563	Ahall_FJVB01000001.1	334563	340563	0.5072594366156375	2864.4940385685054	5647
Ahall_FJVB01000001.1:3354050-3356087	Ahall_FJVB01000001.1	3354050	3356087	0.4725628529911053	490.0476785517762	1037
Ahall_FJVB01000001.1:3355986-3358575	Ahall_FJVB01000001.1	3355986	3358575	0.509806787505618	810.082985346427	1589
Ahall_FJVB01000001.1:3364230-3367514	Ahall_FJVB01000001.1	3364230	3367514	0.5107140432836792	1166.4708748599232	2284
Ahall_FJVB01000001.1:3367700-3369373	Ahall_FJVB01000001.1	3367700	3369373	0.49961648225315825	331.74534421609707	664
Ahall_FJVB01000001.1:3379703-3382925	Ahall_FJVB01000001.1	3379703	3382925	0.47169934827400317	1212.7390244124622	2571
Ahall_FJVB01000001.1:3382077-3386745	Ahall_FJVB01000001.1	3382077	3386745	0.48507313947620495	1948.053728136439	4016
Ahall_FJVB01000001.1:3386903-3390545	Ahall_FJVB01000001.1	3386903	3390545	0.4927518709367881	1496.9801839059621	3038
Ahall_FJVB01000001.1:3389650-3396054	Ahall_FJVB01000001.1	3389650	3396054	0.49872214993823893	2892.0897474918474	5799
Ahall_FJVB01000001.1:3395840-3402804	Ahall_FJVB01000001.1	3395840	3402804	0.4726894882803006	2819.120108103713	5964
Ahall_FJVB01000001.1:339670-341238	Ahall_FJVB01000001.1	339670	341238	0.5132525551177957	686.2186661924928	1337
Ahall_FJVB01000001.1:340363-342165	Ahall_FJVB01000001.1	340363	342165	0.5007142934843422	820.1700127273524	1638
Ahall_FJVB01000001.1:3408175-3411195	Ahall_FJVB01000001.1	3408175	3411195	0.43727912811671943	883.3038387957732	2020
Ahall_FJVB01000001.1:3411696-3414295	Ahall_FJVB01000001.1	3411696	3414295	0.43451904663111673	694.7959555631556	1599
Ahall_FJVB01000001.1:341205-345468	Ahall_FJVB01000001.1	341205	345468	0.49674784729199833	1849.39223546811	3723
Ahall_FJVB01000001.1:3417805-3424805	Ahall_FJVB01000001.1	3417805	3424805	0.5516222612640341	3309.7335675842046	6000
Ahall_FJVB01000001.1:3428330-3435396	Ahall_FJVB01000001.1	3428330	3435396	0.46028322100335095	2933.845250675359	6374
Ahall_FJVB01000001.1:3434437-3439095	Ahall_FJVB01000001.1	3434437	3439095	0.5238789213203099	2077.179923035029	3965
Ahall_FJVB01000001.1:3440659-3444835	Ahall_FJVB01000001.1	3440659	3444835	0.5042835692678171	1583.9546910702138	3141
Ahall_FJVB01000001.1:3445070-3447578	Ahall_FJVB01000001.1	3445070	3447578	0.5338826314183871	805.0950081789277	1508
Ahall_FJVB01000001.1:3447350-3449958	Ahall_FJVB01000001.1	3447350	3449958	0.5111892061105422	979.4385189077988	1916
Ahall_FJVB01000001.1:3449151-3453395	Ahall_FJVB01000001.1	3449151	3453395	0.4959490786506732	1761.1151782885406	3551
Ahall_FJVB01000001.1:345098-346958	Ahall_FJVB01000001.1	345098	346958	0.5251078631293922	451.59276229127727	860
Ahall_FJVB01000001.1:3458572-3462265	Ahall_FJVB01000001.1	3458572	3462265	0.46487630651605727	1454.133086782227	3128
Ahall_FJVB01000001.1:3461331-3465495	Ahall_FJVB01000001.1	3461331	3465495	0.4325745230245998	1556.4031338425102	3598
Ahall_FJVB01000001.1:3470928-3472482	Ahall_FJVB01000001.1	3470928	3472482	0.4391794157038337	349.5868149002516	796
Ahall_FJVB01000001.1:3471722-3478232	Ahall_FJVB01000001.1	3471722	3478232	0.49741716205285635	2860.6460989659768	5751
Ahall_FJVB01000001.1:347194-352958	Ahall_FJVB01000001.1	347194	352958	0.4928313174572442	2347.848396366311	4764
Ahall_FJVB01000001.1:3478220-3482152	Ahall_FJVB01000001.1	3478220	3482152	0.5089338673936308	1492.1940991981255	2932
Ahall_FJVB01000001.1:3482297-3484731	Ahall_FJVB01000001.1	3482297	3484731	0.44120502833098557	632.6880106266333	1434
Ahall_FJVB01000001.1:3486268-3489622	Ahall_FJVB01000001.1	3486268	3489622	0.44989748226667176	1059.0586732557454	2354
Ahall_FJVB01000001.1:3490586-3493072	Ahall_FJVB01000001.1	3490586	3493072	0.5365459009119156	797.3072087551066	1486
Ahall_FJVB01000001.1:3495477-3499370	Ahall_FJVB01000001.1	3495477	3499370	0.5082067170912754	1558.6700013189416	3067
Ahall_FJVB01000001.1:3498697-3501327	Ahall_FJVB01000001.1	3498697	3501327	0.5006032695994637	1063.2813446292607	2124
Ahall_FJVB01000001.1:3500507-3502543	Ahall_FJVB01000001.1	3500507	3502543	0.4947387746246324	670.8657783910015	1356
Ahall_FJVB01000001.1:3502747-3506858	Ahall_FJVB01000001.1	3502747	3506858	0.5016511225801905	1646.9206354307653	3283
Ahall_FJVB01000001.1:3506187-3510822	Ahall_FJVB01000001.1	3506187	3510822	0.5256773048385955	2000.7278222156947	3806
Ahall_FJVB01000001.1:3016-10847	Ahall_FJVB01000001.1	3016	10847	0.538990212260784	3944.8693635366785	7319
Ahall_FJVB01000001.1:3517947-3520025	Ahall_FJVB01000001.1	3517947	3520025	0.4926223537730168	531.0468973673121	1078
Ahall_FJVB01000001.1:3520678-3524662	Ahall_FJVB01000001.1	3520678	3524662	0.4947873592418914	1476.4454799778039	2984
Ahall_FJVB01000001.1:3524897-3532223	Ahall_FJVB01000001.1	3524897	3532223	0.5151809662984338	3509.4127424249314	6812
Ahall_FJVB01000001.1:3531238-3534272	Ahall_FJVB01000001.1	3531238	3534272	0.5252165207638346	1501.0688163430393	2858
Ahall_FJVB01000001.1:3533434-3536012	Ahall_FJVB01000001.1	3533434	3536012	0.49559681837854525	949.5635040132927	1916
Ahall_FJVB01000001.1:3535596-3541202	Ahall_FJVB01000001.1	3535596	3541202	0.5118593727180504	2357.62427073934	4606
Ahall_FJVB01000001.1:353414-357758	Ahall_FJVB01000001.1	353414	357758	0.5116402578153705	1923.2557291279775	3759
Ahall_FJVB01000001.1:3540786-3542292	Ahall_FJVB01000001.1	3540786	3542292	0.4726650795434466	239.16853024898398	506
Ahall_FJVB01000001.1:3542107-3544951	Ahall_FJVB01000001.1	3542107	3544951	0.5046301653639459	930.5380249311162	1844
Ahall_FJVB01000001.1:3545047-3548667	Ahall_FJVB01000001.1	3545047	3548667	0.5132507795493579	1437.6154335177516	2801
Ahall_FJVB01000001.1:3547987-3551552	Ahall_FJVB01000001.1	3547987	3551552	0.5183506318812456	1560.7537525944306	3011
Ahall_FJVB01000001.1:3550787-3554858	Ahall_FJVB01000001.1	3550787	3554858	0.5015189354262033	1673.067168581814	3336
Ahall_FJVB01000001.1:3554417-3556251	Ahall_FJVB01000001.1	3554417	3556251	0.5338755372094768	469.27659720713007	879
Ahall_FJVB01000001.1:3555707-3557366	Ahall_FJVB01000001.1	3555707	3557366	0.5216435478582975	497.6479446568158	954
Ahall_FJVB01000001.1:3556616-3558712	Ahall_FJVB01000001.1	3556616	3558712	0.47106019768507035	634.0470260841047	1346
Ahall_FJVB01000001.1:3561767-3565170	Ahall_FJVB01000001.1	3561767	3565170	0.5256112583783905	1263.0438538832725	2403
Ahall_FJVB01000001.1:3564827-3566414	Ahall_FJVB01000001.1	3564827	3566414	0.47016155633901585	275.9848335710023	587
Ahall_FJVB01000001.1:3567837-3572174	Ahall_FJVB01000001.1	3567837	3572174	0.48240557322574756	1693.243562022374	3510
Ahall_FJVB01000001.1:3571502-3574932	Ahall_FJVB01000001.1	3571502	3574932	0.5070564178307941	1460.829539770518	2881
Ahall_FJVB01000001.1:356844-360398	Ahall_FJVB01000001.1	356844	360398	0.5117192884477034	1518.7828481127838	2968
Ahall_FJVB01000001.1:3574154-3579702	Ahall_FJVB01000001.1	3574154	3579702	0.5168414436936206	2647.778716042418	5123
Ahall_FJVB01000001.1:3578906-3582162	Ahall_FJVB01000001.1	3578906	3582162	0.48434905433610675	1236.0587866657445	2552
Ahall_FJVB01000001.1:3582361-3587322	Ahall_FJVB01000001.1	3582361	3587322	0.5050816995575089	2184.9834322857837	4326
Ahall_FJVB01000001.1:3586458-3588882	Ahall_FJVB01000001.1	3586458	3588882	0.4851200993241556	867.3947375915902	1788
Ahall_FJVB01000001.1:3593719-3600412	Ahall_FJVB01000001.1	3593719	3600412	0.4595941949495123	2616.4697518475737	5693
Ahall_FJVB01000001.1:3602917-3611620	Ahall_FJVB01000001.1	3602917	3611620	0.500329680931108	1793.6819061380222	3585
Ahall_FJVB01000001.1:360595-363759	Ahall_FJVB01000001.1	360595	363759	0.5266833957470929	1401.504516083014	2661
Ahall_FJVB01000001.1:3610737-3614706	Ahall_FJVB01000001.1	3610737	3614706	0.4719811825712223	1661.8457438332737	3521
Ahall_FJVB01000001.1:3614038-3615802	Ahall_FJVB01000001.1	3614038	3615802	0.4842645892841016	451.3345972127827	932
Ahall_FJVB01000001.1:3615441-3618042	Ahall_FJVB01000001.1	3615441	3618042	0.48889199968157426	782.7160914902004	1601
Ahall_FJVB01000001.1:3618640-3621212	Ahall_FJVB01000001.1	3618640	3621212	0.520011475833399	1018.1824696817953	1958
Ahall_FJVB01000001.1:3620327-3623442	Ahall_FJVB01000001.1	3620327	3623442	0.5068635018978096	1267.158754744524	2500
Ahall_FJVB01000001.1:3624027-3628484	Ahall_FJVB01000001.1	3624027	3628484	0.5033018297916783	1738.4045201004567	3454
Ahall_FJVB01000001.1:3630060-3633202	Ahall_FJVB01000001.1	3630060	3633202	0.4775589331602435	1022.9312348292416	2142
Ahall_FJVB01000001.1:362763-367070	Ahall_FJVB01000001.1	362763	367070	0.49116525157440644	2023.1096712349802	4119
Ahall_FJVB01000001.1:3636227-3637536	Ahall_FJVB01000001.1	3636227	3637536	0.4725300125679642	197.990075265977	419
Ahall_FJVB01000001.1:3636927-3639290	Ahall_FJVB01000001.1	3636927	3639290	0.47950876949739474	705.836908700165	1472
Ahall_FJVB01000001.1:3641027-3644763	Ahall_FJVB01000001.1	3641027	3644763	0.45409815457518227	1398.1682179369861	3079
Ahall_FJVB01000001.1:3643921-3646162	Ahall_FJVB01000001.1	3643921	3646162	0.48920898751845626	774.4178272417163	1583
Ahall_FJVB01000001.1:3649791-3653102	Ahall_FJVB01000001.1	3649791	3653102	0.5064878948470898	1170.4935249916246	2311
Ahall_FJVB01000001.1:3654227-3656471	Ahall_FJVB01000001.1	3654227	3656471	0.4279728607442839	532.3982387658892	1244
Ahall_FJVB01000001.1:3658825-3663206	Ahall_FJVB01000001.1	3658825	3663206	0.5264047719324972	1779.774533903773	3381
Ahall_FJVB01000001.1:3663455-3671936	Ahall_FJVB01000001.1	3663455	3671936	0.5149479660162338	3852.325733767445	7481
Ahall_FJVB01000001.1:366255-373013	Ahall_FJVB01000001.1	366255	373013	0.5092702750144312	3316.368030893976	6512
Ahall_FJVB01000001.1:3674181-3678066	Ahall_FJVB01000001.1	3674181	3678066	0.4917125472433494	1418.590698797063	2885
Ahall_FJVB01000001.1:3679141-3685523	Ahall_FJVB01000001.1	3679141	3685523	0.48593699745638075	2615.312920310241	5382
Ahall_FJVB01000001.1:3690731-3695048	Ahall_FJVB01000001.1	3690731	3695048	0.5366670210658858	2009.2813268706766	3744
Ahall_FJVB01000001.1:3694116-3696696	Ahall_FJVB01000001.1	3694116	3696696	0.5166361886980403	1039.4720116604572	2012
Ahall_FJVB01000001.1:3696941-3700644	Ahall_FJVB01000001.1	3696941	3700644	0.5073652915714182	1605.8111478235387	3165
Ahall_FJVB01000001.1:3699683-3704216	Ahall_FJVB01000001.1	3699683	3704216	0.48670377042338664	1982.8311607048772	4074
Ahall_FJVB01000001.1:3703637-3705506	Ahall_FJVB01000001.1	3703637	3705506	0.5003550789423836	474.3366148373797	948
Ahall_FJVB01000001.1:3705071-3706573	Ahall_FJVB01000001.1	3705071	3706573	0.4816016837225168	241.76404522870345	502
Ahall_FJVB01000001.1:3711211-3715752	Ahall_FJVB01000001.1	3711211	3715752	0.501183530375627	1890.965460107241	3773
Ahall_FJVB01000001.1:36632-38871	Ahall_FJVB01000001.1	36632	38871	0.508473200989737	629.9982960262842	1239
Ahall_FJVB01000001.1:3715021-3719536	Ahall_FJVB01000001.1	3715021	3719536	0.5129183933290058	1921.3923014104557	3746
Ahall_FJVB01000001.1:3719192-3722096	Ahall_FJVB01000001.1	3719192	3722096	0.4860164483472932	962.3125677276405	1980
Ahall_FJVB01000001.1:3721521-3723505	Ahall_FJVB01000001.1	3721521	3723505	0.5148479983264832	545.2240302277457	1059
Ahall_FJVB01000001.1:3723598-3726306	Ahall_FJVB01000001.1	3723598	3726306	0.4860255471674066	920.532386335068	1894
Ahall_FJVB01000001.1:372075-375550	Ahall_FJVB01000001.1	372075	375550	0.5167054312471423	1505.1629212229257	2913
Ahall_FJVB01000001.1:3725621-3728376	Ahall_FJVB01000001.1	3725621	3728376	0.4983660187017085	966.8300762813145	1940
Ahall_FJVB01000001.1:3734021-3736726	Ahall_FJVB01000001.1	3734021	3736726	0.49462792737657096	1045.643438474071	2114
Ahall_FJVB01000001.1:3735818-3739776	Ahall_FJVB01000001.1	3735818	3739776	0.4885433401442188	1644.4368829254404	3366
Ahall_FJVB01000001.1:3741381-3744906	Ahall_FJVB01000001.1	3741381	3744906	0.5109498005731791	1328.9804312908386	2601
Ahall_FJVB01000001.1:3744331-3750857	Ahall_FJVB01000001.1	3744331	3750857	0.5116751969319092	3073.632907969979	6007
Ahall_FJVB01000001.1:3749952-3753086	Ahall_FJVB01000001.1	3749952	3753086	0.4622299870608357	1207.3447262029028	2612
Ahall_FJVB01000001.1:3752514-3755666	Ahall_FJVB01000001.1	3752514	3755666	0.48726847551577124	1083.6850895470752	2224
Ahall_FJVB01000001.1:3765421-3768834	Ahall_FJVB01000001.1	3765421	3768834	0.499393421310605	1286.936846717429	2577
Ahall_FJVB01000001.1:3768171-3771821	Ahall_FJVB01000001.1	3768171	3771821	0.5128034576653862	1607.1260363233202	3134
Ahall_FJVB01000001.1:3771001-3775417	Ahall_FJVB01000001.1	3771001	3775417	0.4687493743312064	1751.2476625013871	3736
Ahall_FJVB01000001.1:3774969-3779946	Ahall_FJVB01000001.1	3774969	3779946	0.513934029712086	2042.37383407583	3974
Ahall_FJVB01000001.1:3788061-3789529	Ahall_FJVB01000001.1	3788061	3789529	0.45964560574577107	215.11414348902085	468
Ahall_FJVB01000001.1:3790611-3794095	Ahall_FJVB01000001.1	3790611	3794095	0.5050847729589286	1254.6305760299786	2484
Ahall_FJVB01000001.1:3795231-3798290	Ahall_FJVB01000001.1	3795231	3798290	0.49873246162558604	1182.9933989758902	2372
Ahall_FJVB01000001.1:3797478-3801436	Ahall_FJVB01000001.1	3797478	3801436	0.48556330072693044	1587.7919933770625	3270
Ahall_FJVB01000001.1:379345-382721	Ahall_FJVB01000001.1	379345	382721	0.522749653887634	1431.2885523443417	2738
Ahall_FJVB01000001.1:3802571-3810504	Ahall_FJVB01000001.1	3802571	3810504	0.5064105761943517	3686.162584118686	7279
Ahall_FJVB01000001.1:3809656-3814826	Ahall_FJVB01000001.1	3809656	3814826	0.4911016133184547	2262.5051325581207	4607
Ahall_FJVB01000001.1:3814238-3816806	Ahall_FJVB01000001.1	3814238	3816806	0.46874587760676734	776.2431733168067	1656
Ahall_FJVB01000001.1:3820861-3823932	Ahall_FJVB01000001.1	3820861	3823932	0.4560813402518462	944.5444556615735	2071
Ahall_FJVB01000001.1:381860-385290	Ahall_FJVB01000001.1	381860	385290	0.48415147641863554	1351.2667706844118	2791
Ahall_FJVB01000001.1:3827781-3829530	Ahall_FJVB01000001.1	3827781	3829530	0.45422024498637376	340.21096349479393	749
Ahall_FJVB01000001.1:3834012-3836245	Ahall_FJVB01000001.1	3834012	3836245	0.4757585825115788	586.6103322367767	1233
Ahall_FJVB01000001.1:3835822-3839187	Ahall_FJVB01000001.1	3835822	3839187	0.5118136555383842	1210.4392953482786	2365
Ahall_FJVB01000001.1:3840112-3843667	Ahall_FJVB01000001.1	3840112	3843667	0.503801303461905	1518.9609299376436	3015
Ahall_FJVB01000001.1:3842708-3846087	Ahall_FJVB01000001.1	3842708	3846087	0.4963334584642879	1408.594355121649	2838
Ahall_FJVB01000001.1:3846232-3849279	Ahall_FJVB01000001.1	3846232	3849279	0.5067987386415688	1037.4170179992914	2047
Ahall_FJVB01000001.1:3850952-3854954	Ahall_FJVB01000001.1	3850952	3854954	0.49651363636017937	1490.5339363532585	3002
Ahall_FJVB01000001.1:3854521-3857837	Ahall_FJVB01000001.1	3854521	3857837	0.4981950954369603	1268.9029080779378	2547
Ahall_FJVB01000001.1:3857107-3868037	Ahall_FJVB01000001.1	3857107	3868037	0.5029314711310102	5276.254063635429	10491
Ahall_FJVB01000001.1:385275-389345	Ahall_FJVB01000001.1	385275	389345	0.5024760008087644	1542.6013224829069	3070
Ahall_FJVB01000001.1:3867207-3871627	Ahall_FJVB01000001.1	3867207	3871627	0.5296861187570324	1986.3229453388715	3750
Ahall_FJVB01000001.1:3874462-3877079	Ahall_FJVB01000001.1	3874462	3877079	0.5000911644822377	808.6474129677783	1617
Ahall_FJVB01000001.1:3878722-3882656	Ahall_FJVB01000001.1	3878722	3882656	0.4626239256148915	1432.2836737037042	3096
Ahall_FJVB01000001.1:3881992-3883811	Ahall_FJVB01000001.1	3881992	3883811	0.4738064665828989	664.7504726158071	1403
Ahall_FJVB01000001.1:3882892-3884416	Ahall_FJVB01000001.1	3882892	3884416	0.4716913659233819	444.80495806574913	943
Ahall_FJVB01000001.1:3887050-3890357	Ahall_FJVB01000001.1	3887050	3890357	0.49739619729517404	1189.2743077327611	2391
Ahall_FJVB01000001.1:3889762-3893376	Ahall_FJVB01000001.1	3889762	3893376	0.49340008760197207	1336.6208373137424	2709
Ahall_FJVB01000001.1:3893342-3895736	Ahall_FJVB01000001.1	3893342	3895736	0.4696644635803519	654.7122622310105	1394
Ahall_FJVB01000001.1:388935-391829	Ahall_FJVB01000001.1	388935	391829	0.5111944023360664	968.2021980245098	1894
Ahall_FJVB01000001.1:3897982-3901803	Ahall_FJVB01000001.1	3897982	3901803	0.49367697871185867	1477.0815203058812	2992
Ahall_FJVB01000001.1:3901133-3905487	Ahall_FJVB01000001.1	3901133	3905487	0.5387936260390205	1885.7776911365715	3500
Ahall_FJVB01000001.1:3906872-3917141	Ahall_FJVB01000001.1	3906872	3917141	0.5069515918550411	4682.711853965015	9237
Ahall_FJVB01000001.1:3918462-3926506	Ahall_FJVB01000001.1	3918462	3926506	0.5137802796669748	3600.5721999061598	7008
Ahall_FJVB01000001.1:3926512-3929806	Ahall_FJVB01000001.1	3926512	3929806	0.5086010701818291	1118.4137533298422	2199
Ahall_FJVB01000001.1:392475-394992	Ahall_FJVB01000001.1	392475	394992	0.4907758475082213	817.1417861011885	1665
Ahall_FJVB01000001.1:3930702-3932669	Ahall_FJVB01000001.1	3930702	3932669	0.507966654354534	661.3725839696033	1302
Ahall_FJVB01000001.1:3936585-3938297	Ahall_FJVB01000001.1	3936585	3938297	0.5187487127310543	369.3490834645106	712
Ahall_FJVB01000001.1:3940432-3942677	Ahall_FJVB01000001.1	3940432	3942677	0.5185551450880969	645.6011556346806	1245
Ahall_FJVB01000001.1:3942582-3945339	Ahall_FJVB01000001.1	3942582	3945339	0.4608520654842354	809.7170790558016	1757
Ahall_FJVB01000001.1:3944882-3950427	Ahall_FJVB01000001.1	3944882	3950427	0.48682472340533745	2212.6183678772586	4545
Ahall_FJVB01000001.1:394345-399973	Ahall_FJVB01000001.1	394345	399973	0.45315162352272764	2163.7990023210245	4775
Ahall_FJVB01000001.1:3950472-3952302	Ahall_FJVB01000001.1	3950472	3952302	0.4941009936001434	489.65408465774215	991
Ahall_FJVB01000001.1:3951642-3954235	Ahall_FJVB01000001.1	3951642	3954235	0.502560669350167	880.9888533708427	1753
Ahall_FJVB01000001.1:3957782-3960394	Ahall_FJVB01000001.1	3957782	3960394	0.5633489678903231	899.1049527529556	1596
Ahall_FJVB01000001.1:3960122-3964259	Ahall_FJVB01000001.1	3960122	3964259	0.5080272801471319	1593.6815778215528	3137
Ahall_FJVB01000001.1:3963841-3967147	Ahall_FJVB01000001.1	3963841	3967147	0.4771676174457714	1107.5060400916354	2321
Ahall_FJVB01000001.1:3966633-3971877	Ahall_FJVB01000001.1	3966633	3971877	0.5056559119848415	2153.0828732314553	4258
Ahall_FJVB01000001.1:3972012-3975038	Ahall_FJVB01000001.1	3972012	3975038	0.4814360711909694	1069.269514115143	2221
Ahall_FJVB01000001.1:3974344-3977517	Ahall_FJVB01000001.1	3974344	3977517	0.48639171518522517	1151.289189843428	2367
Ahall_FJVB01000001.1:3982413-3985507	Ahall_FJVB01000001.1	3982413	3985507	0.48835045618180056	1125.6478014990503	2305
Ahall_FJVB01000001.1:3984797-3989677	Ahall_FJVB01000001.1	3984797	3989677	0.45929779967067497	1878.5280006530606	4090
Ahall_FJVB01000001.1:3992226-3993957	Ahall_FJVB01000001.1	3992226	3993957	0.4825548632805683	352.7476050580954	731
Ahall_FJVB01000001.1:4004229-4006418	Ahall_FJVB01000001.1	4004229	4006418	0.44206368136882307	708.1860175528545	1602
Ahall_FJVB01000001.1:4005506-4008394	Ahall_FJVB01000001.1	4005506	4008394	0.4738885575836731	1089.943682442448	2300
Ahall_FJVB01000001.1:4039049-4040875	Ahall_FJVB01000001.1	4039049	4040875	0.45330695088376627	374.43154142999094	826
Ahall_FJVB01000001.1:4041168-4043404	Ahall_FJVB01000001.1	4041168	4043404	0.5007815223047007	843.8168650834208	1685
Ahall_FJVB01000001.1:4042456-4045814	Ahall_FJVB01000001.1	4042456	4045814	0.49481414254008255	1502.2557367516906	3036
Ahall_FJVB01000001.1:4045085-4048684	Ahall_FJVB01000001.1	4045085	4048684	0.5001898788982063	1414.5369775241275	2828
Ahall_FJVB01000001.1:4050099-4052866	Ahall_FJVB01000001.1	4050099	4052866	0.5045979559044702	973.8740548956275	1930
Ahall_FJVB01000001.1:4052204-4054634	Ahall_FJVB01000001.1	4052204	4054634	0.5082264293967513	809.0964755996281	1592
Ahall_FJVB01000001.1:4054339-4058074	Ahall_FJVB01000001.1	4054339	4058074	0.48547051945040376	1408.3499769256214	2901
Ahall_FJVB01000001.1:4057409-4060560	Ahall_FJVB01000001.1	4057409	4060560	0.5134262086403454	1189.09509921104	2316
Ahall_FJVB01000001.1:4060099-4064456	Ahall_FJVB01000001.1	4060099	4064456	0.49081322222408597	1813.0640428957736	3694
Ahall_FJVB01000001.1:4063620-4072154	Ahall_FJVB01000001.1	4063620	4072154	0.5196931568763811	4295.783634740166	8266
Ahall_FJVB01000001.1:4071259-4075042	Ahall_FJVB01000001.1	4071259	4075042	0.4854206152673623	1542.6667153196775	3178
Ahall_FJVB01000001.1:4074678-4078684	Ahall_FJVB01000001.1	4074678	4078684	0.5187844896151163	1687.087160228358	3252
Ahall_FJVB01000001.1:4077939-4081407	Ahall_FJVB01000001.1	4077939	4081407	0.5203637787073511	1586.068797500006	3048
Ahall_FJVB01000001.1:4080573-4088904	Ahall_FJVB01000001.1	4080573	4088904	0.49385955072253057	3926.6772877948406	7951
Ahall_FJVB01000001.1:407978-411020	Ahall_FJVB01000001.1	407978	411020	0.47555862034861646	971.0907027518748	2042
Ahall_FJVB01000001.1:4088119-4091284	Ahall_FJVB01000001.1	4088119	4091284	0.506577154338102	1374.8503968736088	2714
Ahall_FJVB01000001.1:4090521-4093564	Ahall_FJVB01000001.1	4090521	4093564	0.49986992828835203	1152.7000546329398	2306
Ahall_FJVB01000001.1:4095569-4098242	Ahall_FJVB01000001.1	4095569	4098242	0.5063383236519947	980.7773329139138	1937
Ahall_FJVB01000001.1:4097479-4103232	Ahall_FJVB01000001.1	4097479	4103232	0.5057561904236267	2778.118753996982	5493
Ahall_FJVB01000001.1:4102256-4105274	Ahall_FJVB01000001.1	4102256	4105274	0.5113793550490044	1295.8352856941772	2534
Ahall_FJVB01000001.1:4104735-4108154	Ahall_FJVB01000001.1	4104735	4108154	0.5103157282675101	1328.351840680329	2603
Ahall_FJVB01000001.1:4107510-4111094	Ahall_FJVB01000001.1	4107510	4111094	0.5025431696588376	1469.4362280824412	2924
Ahall_FJVB01000001.1:4110399-4114003	Ahall_FJVB01000001.1	4110399	4114003	0.49497659303493874	1443.3517452898814	2916
Ahall_FJVB01000001.1:4113387-4115984	Ahall_FJVB01000001.1	4113387	4115984	0.5002694457061493	1065.573919354098	2130
Ahall_FJVB01000001.1:4115068-4117824	Ahall_FJVB01000001.1	4115068	4117824	0.5194698485542878	1333.998571087411	2568
Ahall_FJVB01000001.1:4116929-4120504	Ahall_FJVB01000001.1	4116929	4120504	0.5161836220270503	1533.0653574203393	2970
Ahall_FJVB01000001.1:4122139-4124933	Ahall_FJVB01000001.1	4122139	4124933	0.48700638648578615	1083.5892099308742	2225
Ahall_FJVB01000001.1:4124003-4127474	Ahall_FJVB01000001.1	4124003	4127474	0.4603703310863883	1531.652091524414	3327
Ahall_FJVB01000001.1:4126549-4130004	Ahall_FJVB01000001.1	4126549	4130004	0.4659682421280047	1341.9885373286536	2880
Ahall_FJVB01000001.1:4129836-4138824	Ahall_FJVB01000001.1	4129836	4138824	0.4628252378232236	1522.2322072005825	3289
Ahall_FJVB01000001.1:4138344-4141804	Ahall_FJVB01000001.1	4138344	4141804	0.462840341366624	1138.587239761895	2460
Ahall_FJVB01000001.1:4143157-4146774	Ahall_FJVB01000001.1	4143157	4146774	0.5077509687795725	1457.7530313661525	2871
Ahall_FJVB01000001.1:4146021-4160834	Ahall_FJVB01000001.1	4146021	4160834	0.5113609860777546	7192.803630169697	14066
Ahall_FJVB01000001.1:4162129-4166053	Ahall_FJVB01000001.1	4162129	4166053	0.5120022371779924	1497.09454150845	2924
Ahall_FJVB01000001.1:4168776-4173574	Ahall_FJVB01000001.1	4168776	4173574	0.5217292174029453	1964.832232739492	3766
Ahall_FJVB01000001.1:416526-418880	Ahall_FJVB01000001.1	416526	418880	0.4681112041034459	725.5723663603412	1550
Ahall_FJVB01000001.1:4178599-4181495	Ahall_FJVB01000001.1	4178599	4181495	0.454799956594412	862.3007177030051	1896
Ahall_FJVB01000001.1:4186130-4187996	Ahall_FJVB01000001.1	4186130	4187996	0.49213167345312137	426.1860292104031	866
Ahall_FJVB01000001.1:418185-424259	Ahall_FJVB01000001.1	418185	424259	0.498433924810554	2626.248349826809	5269
Ahall_FJVB01000001.1:4191740-4195524	Ahall_FJVB01000001.1	4191740	4195524	0.4964929417124233	1610.6231029151013	3244
Ahall_FJVB01000001.1:4194562-4197605	Ahall_FJVB01000001.1	4194562	4197605	0.4943915986231634	1238.4509545510243	2505
Ahall_FJVB01000001.1:4197580-4200942	Ahall_FJVB01000001.1	4197580	4200942	0.4971575370797129	1394.5268915085946	2805
Ahall_FJVB01000001.1:4200000-4202813	Ahall_FJVB01000001.1	4200000	4202813	0.5088372314917243	1200.3470290889777	2359
Ahall_FJVB01000001.1:4202210-4206158	Ahall_FJVB01000001.1	4202210	4206158	0.4921395719812752	1548.763233025073	3147
Ahall_FJVB01000001.1:4205560-4209269	Ahall_FJVB01000001.1	4205560	4209269	0.5056106173691146	1376.777711096099	2723
Ahall_FJVB01000001.1:4208462-4212365	Ahall_FJVB01000001.1	4208462	4212365	0.5116642007478691	1788.7780458145503	3496
Ahall_FJVB01000001.1:41616-43950	Ahall_FJVB01000001.1	41616	43950	0.4752473371111409	633.979947706262	1334
Ahall_FJVB01000001.1:4211580-4215771	Ahall_FJVB01000001.1	4211580	4215771	0.5048382936196559	1754.817908621924	3476
Ahall_FJVB01000001.1:4216811-4218465	Ahall_FJVB01000001.1	4216811	4218465	0.49316445913469237	322.5295562740888	654
Ahall_FJVB01000001.1:4219590-4221261	Ahall_FJVB01000001.1	4219590	4221261	0.5158978543205833	346.1674602491114	671
Ahall_FJVB01000001.1:4222440-4227523	Ahall_FJVB01000001.1	4222440	4227523	0.5080184341805065	2281.510787904655	4491
Ahall_FJVB01000001.1:4226616-4229005	Ahall_FJVB01000001.1	4226616	4229005	0.5028740638626317	903.1618186972864	1796
Ahall_FJVB01000001.1:4229260-4231227	Ahall_FJVB01000001.1	4229260	4231227	0.49823853635379434	478.3089948996426	960
Ahall_FJVB01000001.1:4232451-4239325	Ahall_FJVB01000001.1	4232451	4239325	0.5353703884117202	3144.765661530445	5874
Ahall_FJVB01000001.1:4239160-4242183	Ahall_FJVB01000001.1	4239160	4242183	0.4945291970020013	1221.4871165949432	2470
Ahall_FJVB01000001.1:4241237-4242795	Ahall_FJVB01000001.1	4241237	4242795	0.4814447860634155	664.3938047675134	1380
Ahall_FJVB01000001.1:4241920-4245069	Ahall_FJVB01000001.1	4241920	4245069	0.49002099237508734	1236.8129847547204	2524
Ahall_FJVB01000001.1:4244880-4247463	Ahall_FJVB01000001.1	4244880	4247463	0.4987764012816868	789.5630432289103	1583
Ahall_FJVB01000001.1:4247192-4251245	Ahall_FJVB01000001.1	4247192	4251245	0.49413482718145757	1508.59362738499	3053
Ahall_FJVB01000001.1:4254520-4257474	Ahall_FJVB01000001.1	4254520	4257474	0.4773208614168836	932.6849632085906	1954
Ahall_FJVB01000001.1:4260435-4263685	Ahall_FJVB01000001.1	4260435	4263685	0.4902188771108109	1248.5874800012355	2547
Ahall_FJVB01000001.1:4262889-4266675	Ahall_FJVB01000001.1	4262889	4266675	0.4936687523906858	1521.4870948680937	3082
Ahall_FJVB01000001.1:4268208-4271025	Ahall_FJVB01000001.1	4268208	4271025	0.5106197798606159	927.7961400067392	1817
Ahall_FJVB01000001.1:426685-430237	Ahall_FJVB01000001.1	426685	430237	0.5231388287514128	1595.5734276918092	3050
Ahall_FJVB01000001.1:4273790-4280161	Ahall_FJVB01000001.1	4273790	4280161	0.4690638595815869	2517.9347982339586	5368
Ahall_FJVB01000001.1:4281470-4285125	Ahall_FJVB01000001.1	4281470	4285125	0.48870322637679514	1297.5070660303911	2655
Ahall_FJVB01000001.1:4286380-4288047	Ahall_FJVB01000001.1	4286380	4288047	0.45894217869394455	306.114433188861	667
Ahall_FJVB01000001.1:4288251-4291575	Ahall_FJVB01000001.1	4288251	4291575	0.5048511667317475	1360.0690431753276	2694
Ahall_FJVB01000001.1:4290700-4292914	Ahall_FJVB01000001.1	4290700	4292914	0.493369781635683	1014.8616408245999	2057
Ahall_FJVB01000001.1:4291947-4296045	Ahall_FJVB01000001.1	4291947	4296045	0.5032507752269735	935.5431911469437	1859
Ahall_FJVB01000001.1:4295240-4297471	Ahall_FJVB01000001.1	4295240	4297471	0.5015963809187308	770.4520410911706	1536
Ahall_FJVB01000001.1:429240-433420	Ahall_FJVB01000001.1	429240	433420	0.4869963643384035	1790.6856316723097	3677
Ahall_FJVB01000001.1:4297000-4301618	Ahall_FJVB01000001.1	4297000	4301618	0.47701129140440945	1724.3958184269402	3615
Ahall_FJVB01000001.1:434098-437690	Ahall_FJVB01000001.1	434098	437690	0.5050276633243367	1309.0317033366807	2592
Ahall_FJVB01000001.1:438307-447380	Ahall_FJVB01000001.1	438307	447380	0.4977838109904093	4018.6087061255744	8073
Ahall_FJVB01000001.1:447349-450090	Ahall_FJVB01000001.1	447349	450090	0.47743196071396354	831.2090436030105	1741
Ahall_FJVB01000001.1:44926-47010	Ahall_FJVB01000001.1	44926	47010	0.49554238069947787	781.9658767437761	1578
Ahall_FJVB01000001.1:458171-463650	Ahall_FJVB01000001.1	458171	463650	0.5028955206847241	2423.4535141796855	4819
Ahall_FJVB01000001.1:462811-469730	Ahall_FJVB01000001.1	462811	469730	0.5201587384167909	3255.153385012278	6258
Ahall_FJVB01000001.1:46017-51301	Ahall_FJVB01000001.1	46017	51301	0.5039571355572865	2407.4032365571575	4777
Ahall_FJVB01000001.1:469495-476786	Ahall_FJVB01000001.1	469495	476786	0.49726460200309547	3218.793768766037	6473
Ahall_FJVB01000001.1:476105-478553	Ahall_FJVB01000001.1	476105	478553	0.5204815201454908	977.4642948332316	1878
Ahall_FJVB01000001.1:477805-480941	Ahall_FJVB01000001.1	477805	480941	0.5167138080221794	1469.534070015078	2844
Ahall_FJVB01000001.1:479982-486720	Ahall_FJVB01000001.1	479982	486720	0.51141257852708	3169.2237491323144	6197
Ahall_FJVB01000001.1:489914-494590	Ahall_FJVB01000001.1	489914	494590	0.4890563653226426	1797.7711989260342	3676
Ahall_FJVB01000001.1:499130-508950	Ahall_FJVB01000001.1	499130	508950	0.4917799645227599	4522.900333715823	9197
Ahall_FJVB01000001.1:508071-513040	Ahall_FJVB01000001.1	508071	513040	0.5129143713764666	2230.1516867448768	4348
Ahall_FJVB01000001.1:515275-519843	Ahall_FJVB01000001.1	515275	519843	0.4950834626098425	1733.2872025970585	3501
Ahall_FJVB01000001.1:522378-525677	Ahall_FJVB01000001.1	522378	525677	0.5529457111062235	1271.2221898332077	2299
Ahall_FJVB01000001.1:526692-531266	Ahall_FJVB01000001.1	526692	531266	0.46714243194957483	1881.1825734609379	4027
Ahall_FJVB01000001.1:530314-538647	Ahall_FJVB01000001.1	530314	538647	0.4983182789659186	3844.525522222062	7715
Ahall_FJVB01000001.1:541222-544939	Ahall_FJVB01000001.1	541222	544939	0.477594674838245	1297.6247315355117	2717
Ahall_FJVB01000001.1:544812-548756	Ahall_FJVB01000001.1	544812	548756	0.4868762557546883	1431.9030681745382	2941
Ahall_FJVB01000001.1:54414-56871	Ahall_FJVB01000001.1	54414	56871	0.5304112786731465	924.5068587272945	1743
Ahall_FJVB01000001.1:56086-58837	Ahall_FJVB01000001.1	56086	58837	0.5087093473484389	1035.7322312014214	2036
Ahall_FJVB01000001.1:566102-571623	Ahall_FJVB01000001.1	566102	571623	0.5363929595807596	2546.257379129866	4747
Ahall_FJVB01000001.1:570833-573207	Ahall_FJVB01000001.1	570833	573207	0.5078870902925771	1025.9319223910056	2020
Ahall_FJVB01000001.1:572352-574669	Ahall_FJVB01000001.1	572352	574669	0.5045518134643524	917.2751968781927	1818
Ahall_FJVB01000001.1:574024-577307	Ahall_FJVB01000001.1	574024	577307	0.48961612868860904	1188.7879604559428	2428
Ahall_FJVB01000001.1:579733-582107	Ahall_FJVB01000001.1	579733	582107	0.5134003062868147	877.9145237504531	1710
Ahall_FJVB01000001.1:581272-583567	Ahall_FJVB01000001.1	581272	583567	0.5119272602772671	909.1828142524264	1776
Ahall_FJVB01000001.1:582922-586177	Ahall_FJVB01000001.1	582922	586177	0.49160027888716956	1179.840669329207	2400
Ahall_FJVB01000001.1:586151-588987	Ahall_FJVB01000001.1	586151	588987	0.5224021263226387	959.1303039283646	1836
Ahall_FJVB01000001.1:591182-595794	Ahall_FJVB01000001.1	591182	595794	0.5111280227739433	2056.779163642348	4024
Ahall_FJVB01000001.1:59016-61706	Ahall_FJVB01000001.1	59016	61706	0.47778542707565175	1045.8722998686017	2189
Ahall_FJVB01000001.1:594883-597757	Ahall_FJVB01000001.1	594883	597757	0.4975157652394599	1136.8235235721659	2285
Ahall_FJVB01000001.1:597975-601387	Ahall_FJVB01000001.1	597975	601387	0.45881506087012863	1106.6619268187503	2412
Ahall_FJVB01000001.1:603582-607092	Ahall_FJVB01000001.1	603582	607092	0.4653262881287501	1167.9689832031627	2510
Ahall_FJVB01000001.1:60708-66181	Ahall_FJVB01000001.1	60708	66181	0.5071158079194545	2520.872681167609	4971
Ahall_FJVB01000001.1:613472-615476	Ahall_FJVB01000001.1	613472	615476	0.5077554593129554	509.78648115020724	1004
Ahall_FJVB01000001.1:618078-619707	Ahall_FJVB01000001.1	618078	619707	0.4302318494322642	270.6158332928942	629
Ahall_FJVB01000001.1:619272-622349	Ahall_FJVB01000001.1	619272	622349	0.48470495301390837	1006.7321874098877	2077
Ahall_FJVB01000001.1:622302-623779	Ahall_FJVB01000001.1	622302	623779	0.4882784114840359	417.9663202303347	856
Ahall_FJVB01000001.1:622901-625367	Ahall_FJVB01000001.1	622901	625367	0.495071964518306	1119.852783740408	2262
Ahall_FJVB01000001.1:624450-627797	Ahall_FJVB01000001.1	624450	627797	0.506024930749918	1398.6529085927732	2764
Ahall_FJVB01000001.1:630753-633667	Ahall_FJVB01000001.1	630753	633667	0.47493195056196186	1087.5941667868926	2290
Ahall_FJVB01000001.1:632792-635627	Ahall_FJVB01000001.1	632792	635627	0.4845084203487524	1151.1920067486358	2376
Ahall_FJVB01000001.1:634962-637634	Ahall_FJVB01000001.1	634962	637634	0.5063292525078049	930.1268368568376	1837
Ahall_FJVB01000001.1:637262-640659	Ahall_FJVB01000001.1	637262	640659	0.5208245063577274	1419.246779824807	2725
Ahall_FJVB01000001.1:639832-642080	Ahall_FJVB01000001.1	639832	642080	0.5295265595433671	834.0043312808033	1575
Ahall_FJVB01000001.1:642002-644843	Ahall_FJVB01000001.1	642002	644843	0.47049773935018413	866.186338143689	1841
Ahall_FJVB01000001.1:644372-646578	Ahall_FJVB01000001.1	644372	646578	0.5207834426816395	833.2535082906231	1600
Ahall_FJVB01000001.1:645682-648662	Ahall_FJVB01000001.1	645682	648662	0.48046972385976205	1140.1546547192154	2373
Ahall_FJVB01000001.1:648172-650368	Ahall_FJVB01000001.1	648172	650368	0.5114808589500324	857.7534004592043	1677
Ahall_FJVB01000001.1:649388-652807	Ahall_FJVB01000001.1	649388	652807	0.5170694028872003	1498.9841989699937	2899
Ahall_FJVB01000001.1:65756-69457	Ahall_FJVB01000001.1	65756	69457	0.5056667620941114	1498.2906160848522	2963
Ahall_FJVB01000001.1:664942-669682	Ahall_FJVB01000001.1	664942	669682	0.4622585094469826	1693.7151786137442	3664
Ahall_FJVB01000001.1:668686-671217	Ahall_FJVB01000001.1	668686	671217	0.46421464695496	1096.9392107545705	2363
Ahall_FJVB01000001.1:670382-673268	Ahall_FJVB01000001.1	670382	673268	0.5024885813432438	1360.236589696161	2707
Ahall_FJVB01000001.1:672283-677697	Ahall_FJVB01000001.1	672283	677697	0.49294515013670254	2514.020265697183	5100
Ahall_FJVB01000001.1:676997-682077	Ahall_FJVB01000001.1	676997	682077	0.5202758708400596	2226.780727195455	4280
Ahall_FJVB01000001.1:682362-684900	Ahall_FJVB01000001.1	682362	684900	0.5011251220021599	800.2968198374493	1597
Ahall_FJVB01000001.1:684342-693640	Ahall_FJVB01000001.1	684342	693640	0.5204930666712897	4349.240065105297	8356
Ahall_FJVB01000001.1:68696-72080	Ahall_FJVB01000001.1	68696	72080	0.5100211184320961	1498.9520670719305	2939
Ahall_FJVB01000001.1:693361-700887	Ahall_FJVB01000001.1	693361	700887	0.5141705504906077	3291.7198642408703	6402
Ahall_FJVB01000001.1:700512-706147	Ahall_FJVB01000001.1	700512	706147	0.5054149048727792	2446.713554489124	4841
Ahall_FJVB01000001.1:705442-707352	Ahall_FJVB01000001.1	705442	707352	0.4864952404285925	740.4457559323178	1522
Ahall_FJVB01000001.1:706446-710457	Ahall_FJVB01000001.1	706446	710457	0.5125468029045481	1751.372425524841	3417
Ahall_FJVB01000001.1:712172-714835	Ahall_FJVB01000001.1	712172	714835	0.5118698666327706	851.2395882102974	1663
Ahall_FJVB01000001.1:71287-74951	Ahall_FJVB01000001.1	71287	74951	0.5308039061704031	1569.5871505458817	2957
Ahall_FJVB01000001.1:720924-722575	Ahall_FJVB01000001.1	720924	722575	0.505194469091053	328.8815993782755	651
Ahall_FJVB01000001.1:725860-729160	Ahall_FJVB01000001.1	725860	729160	0.4839424679593671	1117.907100986138	2310
Ahall_FJVB01000001.1:728651-730575	Ahall_FJVB01000001.1	728651	730575	0.4591955357882533	587.311090273176	1279
Ahall_FJVB01000001.1:729730-737885	Ahall_FJVB01000001.1	729730	737885	0.496391429003669	3722.9357175275177	7500
Ahall_FJVB01000001.1:737870-739490	Ahall_FJVB01000001.1	737870	739490	0.4520002218874605	280.2401375702255	620
Ahall_FJVB01000001.1:761439-763185	Ahall_FJVB01000001.1	761439	763185	0.47184061796782506	351.9931010039975	746
Ahall_FJVB01000001.1:76316-79110	Ahall_FJVB01000001.1	76316	79110	0.4273811352579487	766.72175665276	1794
Ahall_FJVB01000001.1:783300-786223	Ahall_FJVB01000001.1	783300	786223	0.5073447247739995	975.6239057404011	1923
Ahall_FJVB01000001.1:786480-791951	Ahall_FJVB01000001.1	786480	791951	0.5146650513794957	2297.9794544094484	4465
Ahall_FJVB01000001.1:78870-81931	Ahall_FJVB01000001.1	78870	81931	0.5477331522370241	1128.8780267605068	2061
Ahall_FJVB01000001.1:793820-796193	Ahall_FJVB01000001.1	793820	796193	0.4679152520043418	642.4476410019613	1373
Ahall_FJVB01000001.1:796320-801065	Ahall_FJVB01000001.1	796320	801065	0.5109952314752181	2150.778929279193	4209
Ahall_FJVB01000001.1:800102-802685	Ahall_FJVB01000001.1	800102	802685	0.5039374491036259	1170.1427568186193	2322
Ahall_FJVB01000001.1:801910-804964	Ahall_FJVB01000001.1	801910	804964	0.4967804050480145	1164.453269432546	2344
Ahall_FJVB01000001.1:804450-808181	Ahall_FJVB01000001.1	804450	808181	0.5027403586697893	1610.277368819335	3203
Ahall_FJVB01000001.1:807215-810615	Ahall_FJVB01000001.1	807215	810615	0.5403077365843068	1543.6592034213645	2857
Ahall_FJVB01000001.1:815406-819265	Ahall_FJVB01000001.1	815406	819265	0.5073972932505117	1569.379828023833	3093
Ahall_FJVB01000001.1:818532-820735	Ahall_FJVB01000001.1	818532	820735	0.5031496728965335	722.522930279422	1436
Ahall_FJVB01000001.1:820492-824665	Ahall_FJVB01000001.1	820492	824665	0.5049889757753809	1602.3300201352838	3173
Ahall_FJVB01000001.1:826227-828015	Ahall_FJVB01000001.1	826227	828015	0.4620315420653486	364.0808551474947	788
Ahall_FJVB01000001.1:832309-835595	Ahall_FJVB01000001.1	832309	835595	0.47989497742396564	1097.0399183911854	2286
Ahall_FJVB01000001.1:835101-836775	Ahall_FJVB01000001.1	835101	836775	0.5059544058508593	341.0132695434791	674
Ahall_FJVB01000001.1:846940-849750	Ahall_FJVB01000001.1	846940	849750	0.5030840546747496	1138.4792157289583	2263
Ahall_FJVB01000001.1:848798-851935	Ahall_FJVB01000001.1	848798	851935	0.4990550136044064	1292.0534302218082	2589
Ahall_FJVB01000001.1:855589-859065	Ahall_FJVB01000001.1	855589	859065	0.5207306213283489	1649.6746083682092	3168
Ahall_FJVB01000001.1:858180-863175	Ahall_FJVB01000001.1	858180	863175	0.4932092921900314	2270.7355812429046	4604
Ahall_FJVB01000001.1:862452-865715	Ahall_FJVB01000001.1	862452	865715	0.5276688054408636	1311.7846503259868	2486
Ahall_FJVB01000001.1:86047-89901	Ahall_FJVB01000001.1	86047	89901	0.4798329944232973	1369.4433660840905	2854
Ahall_FJVB01000001.1:866870-871238	Ahall_FJVB01000001.1	866870	871238	0.5183682263082656	1994.6809348342063	3848
Ahall_FJVB01000001.1:870259-873275	Ahall_FJVB01000001.1	870259	873275	0.48403835711673254	1207.6757010062477	2495
Ahall_FJVB01000001.1:873900-877337	Ahall_FJVB01000001.1	873900	877337	0.4739654816048994	1155.0538786711397	2437
Ahall_FJVB01000001.1:878000-882367	Ahall_FJVB01000001.1	878000	882367	0.5168099591613246	1219.6715036207258	2360
Ahall_FJVB01000001.1:882150-884654	Ahall_FJVB01000001.1	882150	884654	0.4760119072320998	919.6550047724168	1932
Ahall_FJVB01000001.1:883727-887625	Ahall_FJVB01000001.1	883727	887625	0.5061256198605569	1701.088208351332	3361
Ahall_FJVB01000001.1:887090-889665	Ahall_FJVB01000001.1	887090	889665	0.45816352293210916	737.6432719206957	1610
Ahall_FJVB01000001.1:891173-892965	Ahall_FJVB01000001.1	891173	892965	0.4949707259645174	392.0168149638978	792
Ahall_FJVB01000001.1:90126-91753	Ahall_FJVB01000001.1	90126	91753	0.5158570567960804	323.44237461114244	627
Ahall_FJVB01000001.1:906189-908477	Ahall_FJVB01000001.1	906189	908477	0.4648834000154809	636.4253746211933	1369
Ahall_FJVB01000001.1:907897-912387	Ahall_FJVB01000001.1	907897	912387	0.4794130142509031	1824.6459322389371	3806
Ahall_FJVB01000001.1:911652-913895	Ahall_FJVB01000001.1	911652	913895	0.5138076521309662	759.4077098495682	1478
Ahall_FJVB01000001.1:916252-919783	Ahall_FJVB01000001.1	916252	919783	0.5211244910986943	1556.5988549118	2987
Ahall_FJVB01000001.1:918828-922367	Ahall_FJVB01000001.1	918828	922367	0.4997394718061434	1496.2199785875935	2994
Ahall_FJVB01000001.1:91666-93237	Ahall_FJVB01000001.1	91666	93237	0.5246026826640323	384.5337663927357	733
Ahall_FJVB01000001.1:928592-931104	Ahall_FJVB01000001.1	928592	931104	0.4677794496127823	844.341906551072	1805
Ahall_FJVB01000001.1:92576-95700	Ahall_FJVB01000001.1	92576	95700	0.5078487407902293	1202.077969450473	2367
Ahall_FJVB01000001.1:930312-932034	Ahall_FJVB01000001.1	930312	932034	0.48740040192813805	729.1510012844946	1496
Ahall_FJVB01000001.1:931053-933367	Ahall_FJVB01000001.1	931053	933367	0.4969814250371178	1003.4054971499409	2019
Ahall_FJVB01000001.1:932644-935367	Ahall_FJVB01000001.1	932644	935367	0.5031401061940465	1128.0401180870522	2242
Ahall_FJVB01000001.1:934572-936420	Ahall_FJVB01000001.1	934572	936420	0.5039489266664382	566.942542499743	1125
Ahall_FJVB01000001.1:936512-938077	Ahall_FJVB01000001.1	936512	938077	0.4275208769172214	241.5492954582301	565
Ahall_FJVB01000001.1:940382-944374	Ahall_FJVB01000001.1	940382	944374	0.5033822671905953	1506.1197434342612	2992
Ahall_FJVB01000001.1:944698-948537	Ahall_FJVB01000001.1	944698	948537	0.501806475298654	1424.6285833728787	2839
Ahall_FJVB01000001.1:948472-950377	Ahall_FJVB01000001.1	948472	950377	0.5694242567972561	515.3289524015167	905
Ahall_FJVB01000001.1:950592-953332	Ahall_FJVB01000001.1	950592	953332	0.5147531846288387	1055.7587816737482	2051
Ahall_FJVB01000001.1:952522-955437	Ahall_FJVB01000001.1	952522	955437	0.494174584943762	1099.5384514998705	2225
Ahall_FJVB01000001.1:955082-962551	Ahall_FJVB01000001.1	955082	962551	0.509716908726142	3297.358682549412	6469
Ahall_FJVB01000001.1:95119-97791	Ahall_FJVB01000001.1	95119	97791	0.5380453126927485	943.1934331503882	1753
Ahall_FJVB01000001.1:962542-973616	Ahall_FJVB01000001.1	962542	973616	0.4982836186928056	5019.709174711324	10074
Ahall_FJVB01000001.1:973119-976507	Ahall_FJVB01000001.1	973119	976507	0.5083231735207162	1287.5825985279741	2533
Ahall_FJVB01000001.1:975863-979097	Ahall_FJVB01000001.1	975863	979097	0.4965436415877233	1180.780779695606	2378
Ahall_FJVB01000001.1:981847-985277	Ahall_FJVB01000001.1	981847	985277	0.4939623705854253	1312.458018645475	2657
Ahall_FJVB01000001.1:984551-990027	Ahall_FJVB01000001.1	984551	990027	0.48750038142750685	2471.1394334560323	5069
Ahall_FJVB01000001.1:989161-992757	Ahall_FJVB01000001.1	989161	992757	0.48931288816828855	1488.979118696102	3043
Ahall_FJVB01000001.1:98585-103631	Ahall_FJVB01000001.1	98585	103631	0.47595887348112026	1925.7296021046125	4046
Ahall_FJVB01000001.1:992177-993987	Ahall_FJVB01000001.1	992177	993987	0.4705020172344968	418.74679533870216	890
Ahall_FJVB01000002.1:102126-106558	Ahall_FJVB01000002.1	102126	106558	0.49637238257840194	1703.5500170090754	3432
Ahall_FJVB01000002.1:107686-110180	Ahall_FJVB01000002.1	107686	110180	0.48487018016259326	724.3960491629143	1494
Ahall_FJVB01000002.1:111006-116955	Ahall_FJVB01000002.1	111006	116955	0.49412753077288285	2618.381785565506	5299
Ahall_FJVB01000002.1:116106-120871	Ahall_FJVB01000002.1	116106	120871	0.4991673092489755	2053.574310250285	4114
Ahall_FJVB01000002.1:11813-16841	Ahall_FJVB01000002.1	11813	16841	0.496279096865962	2113.1563944552663	4258
Ahall_FJVB01000002.1:124324-129161	Ahall_FJVB01000002.1	124324	129161	0.4853832095284745	1862.4153749607567	3837
Ahall_FJVB01000002.1:129606-132635	Ahall_FJVB01000002.1	129606	132635	0.45921711049494596	1154.931032894789	2515
Ahall_FJVB01000002.1:131644-134121	Ahall_FJVB01000002.1	131644	134121	0.4488510991250365	880.6458564833216	1962
Ahall_FJVB01000002.1:139897-146651	Ahall_FJVB01000002.1	139897	146651	0.4266524265992507	1580.3205881236245	3704
Ahall_FJVB01000002.1:147404-156911	Ahall_FJVB01000002.1	147404	156911	0.5059449817040456	4302.556124411203	8504
Ahall_FJVB01000002.1:156766-160451	Ahall_FJVB01000002.1	156766	160451	0.5250876551959434	1633.0226076593838	3110
Ahall_FJVB01000002.1:159527-161971	Ahall_FJVB01000002.1	159527	161971	0.5116163934660993	1081.5570557873339	2114
Ahall_FJVB01000002.1:161226-164606	Ahall_FJVB01000002.1	161226	164606	0.5145800615816061	1371.870444176562	2666
Ahall_FJVB01000002.1:164066-167817	Ahall_FJVB01000002.1	164066	167817	0.5097123108551573	1612.2200392348627	3163
Ahall_FJVB01000002.1:16156-21625	Ahall_FJVB01000002.1	16156	21625	0.5044748146374817	2347.8257873228395	4654
Ahall_FJVB01000002.1:166946-170328	Ahall_FJVB01000002.1	166946	170328	0.49728566815797554	1520.699573227089	3058
Ahall_FJVB01000002.1:169524-175561	Ahall_FJVB01000002.1	169524	175561	0.4945214912555752	2682.28456857024	5424
Ahall_FJVB01000002.1:174979-177331	Ahall_FJVB01000002.1	174979	177331	0.5263622721716448	921.1339763003784	1750
Ahall_FJVB01000002.1:176516-179248	Ahall_FJVB01000002.1	176516	179248	0.5174726649379404	1059.266545127964	2047
Ahall_FJVB01000002.1:178916-181270	Ahall_FJVB01000002.1	178916	181270	0.49407946695992566	904.6595040036239	1831
Ahall_FJVB01000002.1:180294-184881	Ahall_FJVB01000002.1	180294	184881	0.4821427893738336	1958.9461532258858	4063
Ahall_FJVB01000002.1:185978-189351	Ahall_FJVB01000002.1	185978	189351	0.541519735111967	1380.333804800404	2549
Ahall_FJVB01000002.1:188676-193713	Ahall_FJVB01000002.1	188676	193713	0.5071471799393756	2136.10392190465	4212
Ahall_FJVB01000002.1:193680-198183	Ahall_FJVB01000002.1	193680	198183	0.49219923733831167	1724.1739283961058	3503
Ahall_FJVB01000002.1:202348-207222	Ahall_FJVB01000002.1	202348	207222	0.4769195479114435	2072.6923552231333	4346
Ahall_FJVB01000002.1:206251-208543	Ahall_FJVB01000002.1	206251	208543	0.4970983096798666	1038.4383689212414	2089
Ahall_FJVB01000002.1:207718-210593	Ahall_FJVB01000002.1	207718	210593	0.4878510281765669	1242.0687177375394	2546
Ahall_FJVB01000002.1:209748-213063	Ahall_FJVB01000002.1	209748	213063	0.5009566616196726	1535.9331245259161	3066
Ahall_FJVB01000002.1:212158-214612	Ahall_FJVB01000002.1	212158	214612	0.4980177170899088	925.8149360701404	1859
Ahall_FJVB01000002.1:21671-24931	Ahall_FJVB01000002.1	21671	24931	0.5304148690334194	1198.7376040155277	2260
Ahall_FJVB01000002.1:222918-226202	Ahall_FJVB01000002.1	222918	226202	0.48382315884297766	1345.5122047423208	2781
Ahall_FJVB01000002.1:225206-228473	Ahall_FJVB01000002.1	225206	228473	0.45875378195243255	1267.5366995345712	2763
Ahall_FJVB01000002.1:237998-241694	Ahall_FJVB01000002.1	237998	241694	0.4876135647497715	1277.0599260796516	2619
Ahall_FJVB01000002.1:251698-254188	Ahall_FJVB01000002.1	251698	254188	0.47331581950684315	886.993845755824	1874
Ahall_FJVB01000002.1:24794-27581	Ahall_FJVB01000002.1	24794	27581	0.5129445110288224	916.6318412085058	1787
Ahall_FJVB01000002.1:253305-255573	Ahall_FJVB01000002.1	253305	255573	0.5068856811518522	836.868259581708	1651
Ahall_FJVB01000002.1:256108-257819	Ahall_FJVB01000002.1	256108	257819	0.5156154247302079	469.21003650448927	910
Ahall_FJVB01000002.1:257121-258983	Ahall_FJVB01000002.1	257121	258983	0.5050288926276487	535.3306261853077	1060
Ahall_FJVB01000002.1:260088-262892	Ahall_FJVB01000002.1	260088	262892	0.4546287275595937	1043.3729297492675	2295
Ahall_FJVB01000002.1:261902-264343	Ahall_FJVB01000002.1	261902	264343	0.4919098190016398	1054.6546519395158	2144
Ahall_FJVB01000002.1:263631-266583	Ahall_FJVB01000002.1	263631	266583	0.4881073909423832	1056.2643939993172	2164
Ahall_FJVB01000002.1:268067-269733	Ahall_FJVB01000002.1	268067	269733	0.5101083121706251	339.7321359056363	666
Ahall_FJVB01000002.1:277328-280716	Ahall_FJVB01000002.1	277328	280716	0.49203396434519214	1256.6547449376208	2554
Ahall_FJVB01000002.1:280051-285143	Ahall_FJVB01000002.1	280051	285143	0.5238245696181104	2290.684842939997	4373
Ahall_FJVB01000002.1:284528-287237	Ahall_FJVB01000002.1	284528	287237	0.4710897489074822	859.2677020072475	1824
Ahall_FJVB01000002.1:28197-32511	Ahall_FJVB01000002.1	28197	32511	0.545927974369651	1488.7455861060382	2727
Ahall_FJVB01000002.1:287638-290180	Ahall_FJVB01000002.1	287638	290180	0.48983928327265003	986.5363165111172	2014
Ahall_FJVB01000002.1:289209-292653	Ahall_FJVB01000002.1	289209	292653	0.5201131422859843	1516.129809763644	2915
Ahall_FJVB01000002.1:294588-296936	Ahall_FJVB01000002.1	294588	296936	0.49985779900678484	828.2643729542425	1657
Ahall_FJVB01000002.1:296128-299913	Ahall_FJVB01000002.1	296128	299913	0.49883619163328563	1590.2897789269146	3188
Ahall_FJVB01000002.1:299319-301333	Ahall_FJVB01000002.1	299319	301333	0.49485671419323446	548.3012393261038	1108
Ahall_FJVB01000002.1:302631-306523	Ahall_FJVB01000002.1	302631	306523	0.4815981251602928	1392.7817779635668	2892
Ahall_FJVB01000002.1:33171-36921	Ahall_FJVB01000002.1	33171	36921	0.4529226693578263	1415.836264412565	3126
Ahall_FJVB01000002.1:36046-41872	Ahall_FJVB01000002.1	36046	41872	0.455924490972819	2371.2632775496318	5201
Ahall_FJVB01000002.1:46616-50386	Ahall_FJVB01000002.1	46616	50386	0.4676695725843027	1295.4447160585185	2770
Ahall_FJVB01000002.1:50026-52540	Ahall_FJVB01000002.1	50026	52540	0.44332324538484635	846.3040754396717	1909
Ahall_FJVB01000002.1:51646-53354	Ahall_FJVB01000002.1	51646	53354	0.4450092865803866	706.2297378030735	1587
Ahall_FJVB01000002.1:4766-6248	Ahall_FJVB01000002.1	4766	6248	0.4942590402371296	238.23285739429645	482
Ahall_FJVB01000002.1:52370-54811	Ahall_FJVB01000002.1	52370	54811	0.45274959170035495	871.5429640231832	1925
Ahall_FJVB01000002.1:56486-58192	Ahall_FJVB01000002.1	56486	58192	0.46852295502109226	558.0108394301209	1191
Ahall_FJVB01000002.1:57208-59471	Ahall_FJVB01000002.1	57208	59471	0.4749330673022684	829.7080685770629	1747
Ahall_FJVB01000002.1:60117-62521	Ahall_FJVB01000002.1	60117	62521	0.4457708892980633	625.8623285744809	1404
Ahall_FJVB01000002.1:64166-66980	Ahall_FJVB01000002.1	64166	66980	0.48810697216635945	885.426047509776	1814
Ahall_FJVB01000002.1:75446-77244	Ahall_FJVB01000002.1	75446	77244	0.4591313409191249	572.5367821261488	1247
Ahall_FJVB01000002.1:76296-78637	Ahall_FJVB01000002.1	76296	78637	0.463564523310527	982.7567894183172	2120
Ahall_FJVB01000002.1:77807-80041	Ahall_FJVB01000002.1	77807	80041	0.45780440264213823	716.0060857323042	1564
Ahall_FJVB01000002.1:80273-83201	Ahall_FJVB01000002.1	80273	83201	0.4328532739285546	834.5411121342532	1928
Ahall_FJVB01000002.1:84596-87670	Ahall_FJVB01000002.1	84596	87670	0.4105323873657039	792.3275076158086	1930
Ahall_FJVB01000002.1:8126-12357	Ahall_FJVB01000002.1	8126	12357	0.48944942346080483	1603.4363112575966	3276
Ahall_FJVB01000002.1:95458-98111	Ahall_FJVB01000002.1	95458	98111	0.4698092873568359	776.5947520008498	1653
Ahall_FJVB01000002.1:98846-102520	Ahall_FJVB01000002.1	98846	102520	0.5069944008653565	1355.7030279139633	2674
